frame_index,stamp_sec,processing_ms,points_in,points_after_range,points_after_self_filter,points_used,cells_updated
1,7.255,3.003,35685,904,11,4,3
2,7.3,2.963,35685,913,11,4,3
3,7.4,2.413,35685,907,11,4,3
4,7.5,3.106,35685,911,11,4,3
5,7.6,3.424,35685,905,11,4,3
6,7.7,2.141,35685,911,11,4,3
7,7.8,2.393,35685,914,11,4,3
8,7.9,2.095,35685,905,11,4,3
9,8.0,2.611,35685,909,11,4,3
10,8.1,2.857,35685,909,11,4,3
11,8.2,2.464,35685,909,11,4,3
12,8.3,2.642,35685,906,11,4,3
13,8.4,2.433,35685,907,11,4,3
14,8.5,2.619,35685,901,11,4,3
15,8.6,2.618,35685,910,11,4,3
16,8.7,2.742,35685,912,11,4,3
17,8.8,2.268,35685,913,11,4,3
18,8.9,2.374,35685,907,11,4,3
19,9.0,2.424,35685,912,11,4,3
20,9.1,2.424,35685,911,11,4,3
21,9.2,2.298,35685,912,11,4,3
22,9.3,2.853,35685,908,11,4,3
23,9.4,2.319,35685,905,11,4,3
24,9.5,2.61,35685,912,11,4,3
25,9.6,2.713,35685,911,11,4,3
26,9.7,2.374,35685,914,11,4,3
27,9.8,2.669,35685,902,11,4,3
28,9.9,2.506,35685,910,11,4,3
29,10.0,2.385,35685,907,11,4,3
30,10.1,2.435,35685,910,11,4,3
31,10.2,2.402,35685,904,11,4,3
32,10.3,2.602,35685,904,11,4,3
33,10.4,2.451,35685,910,11,4,3
34,10.5,2.557,35685,903,11,4,3
35,10.6,2.51,35685,910,11,4,3
36,10.7,2.435,35685,903,11,4,3
37,10.8,2.184,35685,908,11,4,3
38,10.9,2.375,35685,913,11,4,3
39,11.0,2.416,35685,911,11,4,3
40,11.1,2.514,35685,909,11,4,3
41,11.2,2.947,35685,907,11,4,3
42,11.3,2.65,35685,905,11,4,3
43,11.4,2.368,35685,907,11,4,3
44,11.5,2.671,35685,905,11,4,3
45,11.6,2.432,35685,913,11,4,3
46,11.7,2.34,35685,911,11,4,3
47,11.8,2.47,35685,910,11,4,3
48,11.9,2.508,35685,905,11,4,3
49,12.0,2.473,35685,905,11,4,3
50,12.1,2.494,35685,911,11,4,3
51,12.2,2.455,35685,909,11,4,3
52,12.3,2.457,35685,905,11,4,3
53,12.4,2.371,35685,914,11,4,3
54,12.5,2.43,35685,905,11,4,3
55,12.6,2.513,35685,911,11,4,3
56,12.7,2.535,35685,911,11,4,3
57,12.8,2.487,35685,906,11,4,3
58,12.9,2.654,35685,908,11,4,3
59,13.0,2.442,35685,907,11,4,3
60,13.1,2.6,35685,906,11,4,3
61,13.2,2.856,35685,911,11,4,3
62,13.3,2.349,35685,909,11,4,3
63,13.4,3.18,35685,908,11,4,3
64,13.5,3.084,35685,909,11,4,3
65,13.6,2.425,35685,912,11,4,3
66,13.7,2.32,35685,910,11,4,3
67,13.8,2.629,35685,910,11,4,3
68,13.9,2.603,35685,911,11,4,3
69,14.0,2.465,35685,905,11,4,3
70,14.1,2.519,35685,909,11,4,3
71,14.2,2.495,35685,902,11,4,3
72,14.3,2.996,35685,904,11,4,3
73,14.4,2.77,35685,907,11,4,3
74,14.5,2.708,35685,906,11,4,3
75,14.6,2.399,35685,907,11,4,3
76,14.7,3.139,35685,912,11,4,3
77,14.8,3.347,35685,906,11,4,3
78,14.9,2.562,35685,904,11,4,3
79,15.0,2.524,35685,909,11,4,3
80,15.1,2.702,35685,912,11,4,3
81,15.2,3.01,35685,909,11,4,3
82,15.3,2.759,35685,904,11,4,3
83,15.4,2.602,35685,909,11,4,3
84,15.5,2.689,35685,906,11,4,3
85,15.6,2.537,35685,911,11,4,3
86,15.7,2.552,35685,905,11,4,3
87,15.8,2.539,35685,908,11,4,3
88,15.9,2.539,35685,904,11,4,3
89,16.0,2.882,35685,907,11,4,3
90,16.1,2.679,35685,913,11,4,3
91,16.2,2.339,35685,904,11,4,3
92,16.3,2.551,35685,913,11,4,3
93,16.4,2.652,35685,909,11,4,3
94,16.5,2.404,35685,905,11,4,3
95,16.6,3.299,35685,910,11,4,3
96,16.7,2.54,35685,908,11,4,3
97,16.8,2.483,35685,904,11,4,3
98,16.9,2.429,35685,912,11,4,3
99,17.0,2.456,35685,908,11,4,3
100,17.1,2.491,35685,903,11,4,3
101,17.2,2.342,35685,905,11,4,3
102,17.3,2.335,35685,909,11,4,3
103,17.4,2.997,35685,906,11,4,3
104,17.5,2.503,35685,912,11,4,3
105,17.6,2.648,35685,909,11,4,3
106,17.7,2.465,35685,911,11,4,3
107,17.8,2.557,35685,907,11,4,3
108,17.9,2.467,35685,906,11,4,3
109,18.0,2.388,35685,909,11,4,3
110,18.1,2.53,35685,909,11,4,3
111,18.2,2.352,35685,911,11,4,3
112,18.3,2.461,35685,909,11,4,3
113,18.4,2.618,35685,908,11,4,3
114,18.5,2.326,35685,912,11,4,3
115,18.6,2.518,35685,908,11,4,3
116,18.7,2.777,35685,910,11,4,3
117,18.8,2.513,35685,908,11,4,3
118,18.9,3.16,35685,909,11,4,3
119,19.0,2.467,35685,909,11,4,3
120,19.1,2.283,35685,907,11,4,3
121,19.2,2.478,35685,906,11,4,3
122,19.3,2.519,35685,914,11,4,3
123,19.4,2.712,35685,914,11,4,3
124,19.5,2.692,35685,905,11,4,3
125,19.6,2.501,35685,903,11,4,3
126,19.7,2.651,35685,911,11,4,3
127,19.8,2.619,35685,911,11,4,3
128,19.9,2.47,35685,910,11,4,3
129,20.0,3.375,35685,910,11,4,3
130,20.1,2.529,35685,911,11,4,3
131,20.2,2.355,35685,909,11,4,3
132,20.3,2.406,35685,908,11,4,3
133,20.4,2.614,35685,903,11,4,3
134,20.5,2.456,35685,914,11,4,3
135,20.6,2.583,35685,910,11,4,3
136,20.7,3.096,35685,906,11,4,3
137,20.8,2.435,35685,906,11,4,3
138,20.9,2.828,35685,912,11,4,3
139,21.0,2.58,35685,902,11,4,3
140,21.1,2.675,35685,910,11,4,3
141,21.2,2.489,35685,908,11,4,3
142,21.3,2.58,35685,905,11,4,3
143,21.4,2.43,35685,911,11,4,3
144,21.5,2.392,35685,901,11,4,3
145,21.6,2.425,35685,910,11,4,3
146,21.7,2.537,35685,907,11,4,3
147,21.8,2.539,35685,909,11,4,3
148,21.9,2.395,35685,905,11,4,3
149,22.0,2.544,35685,910,11,4,3
150,22.1,2.453,35685,911,11,4,3
151,22.2,2.712,35685,904,11,4,3
152,22.3,2.394,35685,905,11,4,3
153,22.4,3.051,35685,904,11,4,3
154,22.5,2.464,35685,912,11,4,3
155,22.6,2.388,35685,905,11,4,3
156,22.7,2.502,35685,906,11,4,3
157,22.8,2.416,35685,906,11,4,3
158,22.9,2.572,35685,909,11,4,3
159,23.0,2.615,35685,909,11,4,3
160,23.1,2.799,35685,905,11,4,3
161,23.2,2.436,35685,902,11,4,3
162,23.3,3.006,35685,910,11,4,3
163,23.4,2.567,35685,906,11,4,3
164,23.5,2.666,35685,904,11,4,3
165,23.6,2.589,35685,909,11,4,3
166,23.7,2.544,35685,909,11,4,3
167,23.8,2.634,35685,909,11,4,3
168,23.9,3.159,35685,908,11,4,3
169,24.0,2.687,35685,908,11,4,3
170,24.1,2.502,35685,903,11,4,3
171,24.2,2.465,35685,911,11,4,3
172,24.3,3.173,35685,905,11,4,3
173,24.4,2.39,35685,911,11,4,3
174,24.5,2.525,35685,904,11,4,3
175,24.6,2.359,35685,906,11,4,3
176,24.7,3.039,35685,912,11,4,3
177,24.8,2.619,35685,904,11,4,3
178,24.9,2.642,35685,916,11,4,3
179,25.0,2.67,35685,905,11,4,3
180,25.1,2.357,35685,913,11,4,3
181,25.2,2.54,35685,905,11,4,3
182,25.3,2.434,35685,905,11,4,3
183,25.4,2.452,35685,911,11,4,3
184,25.5,2.635,35685,902,11,4,3
185,25.6,2.434,35685,900,11,4,3
186,25.7,2.558,35685,906,11,4,3
187,25.8,2.472,35685,912,11,4,3
188,25.9,2.463,35685,907,11,4,3
189,26.0,2.403,35685,908,11,4,3
190,26.1,2.5,35685,906,11,4,3
191,26.2,2.612,35685,906,11,4,3
192,26.3,2.51,35685,911,11,4,3
193,26.4,2.566,35685,914,11,4,3
194,26.5,2.469,35685,911,11,4,3
195,26.6,2.574,35685,907,11,4,3
196,26.7,2.414,35685,908,11,4,3
197,26.8,2.504,35685,912,11,4,3
198,26.9,2.501,35685,904,11,4,3
199,27.0,2.526,35685,908,11,4,3
200,27.1,2.436,35685,911,11,4,3
201,27.2,2.473,35685,907,11,4,3
202,27.3,2.45,35685,908,11,4,3
203,27.4,2.323,35685,907,11,4,3
204,27.5,2.38,35685,910,11,4,3
205,27.6,2.568,35685,909,11,4,3
206,27.7,2.497,35685,912,11,4,3
207,27.8,2.392,35685,907,11,4,3
208,27.9,2.622,35685,907,11,4,3
209,28.0,2.488,35685,910,11,4,3
210,28.1,3.115,35685,911,11,4,3
211,28.2,2.499,35685,907,11,4,3
212,28.3,2.597,35685,908,11,4,3
213,28.4,2.453,35685,905,11,4,3
214,28.5,2.468,35685,911,11,4,3
215,28.6,2.352,35685,903,11,4,3
216,28.7,2.554,35685,906,11,4,3
217,28.8,2.691,35685,908,11,4,3
218,28.9,2.952,35685,911,11,4,3
219,29.0,2.602,35685,914,11,4,3
220,29.1,2.464,35685,909,11,4,3
221,29.2,2.55,35685,912,11,4,3
222,29.3,2.472,35685,910,11,4,3
223,29.4,2.521,35685,910,11,4,3
224,29.5,2.691,35685,907,11,4,3
225,29.6,2.438,35685,910,11,4,3
226,29.7,2.363,35685,909,11,4,3
227,29.8,2.361,35685,912,11,4,3
228,29.9,2.479,35685,911,11,4,3
229,30.0,2.533,35685,909,11,4,3
230,30.1,2.366,35685,906,11,4,3
231,30.2,2.403,35685,908,11,4,3
232,30.3,2.484,35685,913,11,4,3
233,30.4,2.482,35685,903,11,4,3
234,30.5,2.554,35685,907,11,4,3
235,30.6,2.6,35685,912,11,4,3
236,30.7,2.471,35685,907,11,4,3
237,30.8,2.632,35685,906,11,4,3
238,30.9,2.55,35685,907,11,4,3
239,31.0,2.568,35685,911,11,4,3
240,31.1,2.358,35685,903,11,4,3
241,31.2,2.4,35685,908,11,4,3
242,31.3,2.5,35685,912,11,4,3
243,31.4,2.455,35685,911,11,4,3
244,31.5,2.351,35685,909,11,4,3
245,31.6,2.402,35685,910,11,4,3
246,31.7,2.433,35685,903,11,4,3
247,31.8,2.45,35685,912,11,4,3
248,31.9,2.454,35685,907,11,4,3
249,32.0,2.415,35685,906,11,4,3
250,32.1,2.498,35685,907,11,4,3
251,32.2,2.54,35685,912,11,4,3
252,32.3,2.527,35685,908,11,4,3
253,32.4,2.551,35685,905,11,4,3
254,32.5,2.43,36281,927,11,4,3
255,32.6,2.617,44087,1536,9,4,3
256,32.7,2.847,43523,3605,7,2,2
257,32.8,2.511,42771,7559,4,1,1
258,32.9,2.897,42225,14417,2,1,1
259,33.0,2.994,41694,29065,0,0,0
260,33.1,2.995,41220,28591,0,0,0
261,33.2,2.923,40816,28187,0,0,0
262,33.3,2.859,40460,27831,0,0,0
263,33.4,2.817,40121,27492,0,0,0
264,33.5,2.8,39777,27148,0,0,0
265,33.6,2.781,39426,26797,0,0,0
266,33.7,2.727,39073,26444,0,0,0
267,33.8,2.785,38722,26093,0,0,0
268,33.9,2.644,38393,25764,0,0,0
269,34.0,2.73,38067,25438,0,0,0
270,34.1,2.684,37737,25107,0,0,0
271,34.2,2.742,37417,24788,0,0,0
272,34.3,2.867,37086,24457,0,0,0
273,34.4,2.691,36763,24134,0,0,0
274,34.5,3.257,36445,23816,0,0,0
275,34.6,2.694,36124,23495,0,0,0
276,34.7,2.652,35817,23188,0,0,0
277,34.8,2.577,35503,22874,0,0,0
278,34.9,3.28,35201,22572,0,0,0
279,35.0,2.831,34907,22278,0,0,0
280,35.1,2.568,34632,22003,0,0,0
281,35.2,2.431,34375,21746,0,0,0
282,35.3,2.734,34131,21502,0,0,0
283,35.4,2.442,33894,21265,0,0,0
284,35.5,2.503,33666,21037,0,0,0
285,35.6,2.693,33447,20817,0,0,0
286,35.7,2.555,33224,20595,0,0,0
287,35.8,2.484,33019,20390,0,0,0
288,35.9,2.375,32819,20190,0,0,0
289,36.0,2.815,32635,20005,0,0,0
290,36.1,2.576,32446,19817,0,0,0
291,36.2,2.484,32266,19637,0,0,0
292,36.3,2.793,32191,19562,0,0,0
293,36.4,2.581,32629,20000,0,0,0
294,36.5,3.323,32552,19923,0,0,0
295,36.6,2.383,32492,19863,0,0,0
296,36.7,2.482,32339,19710,0,0,0
297,36.8,3.069,32162,19533,0,0,0
298,36.9,3.033,31945,19316,0,0,0
299,37.0,2.623,31729,19100,0,0,0
300,37.1,2.59,31526,18897,0,0,0
301,37.2,2.339,31324,18695,0,0,0
302,37.3,2.755,31144,18515,1,1,1
303,37.4,2.427,30778,18149,0,0,0
304,37.5,2.661,29841,17212,0,0,0
305,37.6,2.444,28470,15841,0,0,0
306,37.7,2.535,26828,14199,0,0,0
307,37.8,2.33,25047,12418,0,0,0
308,37.9,2.195,25096,12467,0,0,0
309,38.0,2.252,27320,14691,0,0,0
310,38.1,2.532,28582,15953,0,0,0
311,38.2,2.582,27947,15318,0,0,0
312,38.3,2.287,27351,14722,0,0,0
313,38.4,2.529,27734,15105,0,0,0
314,38.5,2.41,27993,15364,0,0,0
315,38.6,2.556,27966,15337,0,0,0
316,38.7,2.594,27895,15266,0,0,0
317,38.8,2.413,27998,15369,0,0,0
318,38.9,3.692,28074,15445,0,0,0
319,39.0,2.396,28104,15475,0,0,0
320,39.1,2.705,28144,15515,0,0,0
321,39.2,2.432,28233,15603,0,0,0
322,39.3,2.51,28307,15678,0,0,0
323,39.4,2.546,28325,15696,0,0,0
324,39.5,2.654,28363,15735,0,0,0
325,39.6,2.571,28436,15807,0,0,0
326,39.7,2.56,28509,15880,0,0,0
327,39.8,2.747,28552,15923,0,0,0
328,39.9,2.382,28615,15986,0,0,0
329,40.0,2.392,28671,16042,0,0,0
330,40.1,2.36,28738,16109,0,0,0
331,40.2,2.702,28803,16174,0,0,0
332,40.3,2.663,28868,16239,0,0,0
333,40.4,2.611,28918,16289,0,0,0
334,40.5,2.524,28958,16329,0,0,0
335,40.6,2.6,29025,16396,0,0,0
336,40.7,2.406,29113,16484,0,0,0
337,40.8,2.364,29160,16531,0,0,0
338,40.9,2.461,29191,16562,0,0,0
339,41.0,2.536,29216,16587,0,0,0
340,41.1,2.365,29298,16669,0,0,0
341,41.2,2.546,29383,16754,0,0,0
342,41.3,2.376,29436,16807,0,0,0
343,41.4,2.645,29479,16850,0,0,0
344,41.5,2.427,29520,16891,0,0,0
345,41.6,2.676,29555,16926,0,0,0
346,41.7,2.552,29595,16966,0,0,0
347,41.8,2.665,29607,16978,0,0,0
348,41.9,2.592,29627,16998,0,0,0
349,42.0,2.345,29662,17033,0,0,0
350,42.1,2.339,29678,17050,0,0,0
351,42.2,2.513,29703,17074,0,0,0
352,42.3,2.557,29686,17057,0,0,0
353,42.4,2.397,29687,17058,0,0,0
354,42.5,2.579,29706,17077,0,0,0
355,42.6,2.764,29707,17078,0,0,0
356,42.7,2.53,29704,17075,0,0,0
357,42.8,2.344,29705,17076,0,0,0
358,42.9,2.388,29711,17082,0,0,0
359,43.0,2.351,29720,17091,0,0,0
360,43.1,2.508,29704,17076,0,0,0
361,43.2,2.482,29674,17045,0,0,0
362,43.3,2.499,29689,17060,0,0,0
363,43.4,2.554,29720,17091,0,0,0
364,43.5,2.467,29725,17096,0,0,0
365,43.6,2.519,29717,17088,0,0,0
366,43.7,2.427,29728,17099,0,0,0
367,43.8,2.443,29743,17114,0,0,0
368,43.9,2.52,29735,17106,0,0,0
369,44.0,2.494,29743,17114,0,0,0
370,44.1,2.463,29742,17113,0,0,0
371,44.2,2.601,29750,17121,0,0,0
372,44.3,2.507,29764,17135,0,0,0
373,44.4,2.475,29759,17130,0,0,0
374,44.5,2.398,29762,17133,0,0,0
375,44.6,2.326,29783,17154,0,0,0
376,44.7,2.377,29807,17178,0,0,0
377,44.8,2.504,29792,17163,0,0,0
378,44.9,2.676,29782,17153,0,0,0
379,45.0,2.394,29778,17149,0,0,0
380,45.1,2.643,29777,17148,0,0,0
381,45.2,2.366,29784,17155,0,0,0
382,45.3,2.441,29779,17150,0,0,0
383,45.4,2.497,29789,17160,0,0,0
384,45.5,2.74,29792,17163,0,0,0
385,45.6,2.611,29782,17153,0,0,0
386,45.7,2.52,29782,17153,0,0,0
387,45.8,2.332,29792,17163,0,0,0
388,45.9,2.691,29791,17162,0,0,0
389,46.0,2.237,29792,17163,0,0,0
390,46.1,2.251,29787,17158,0,0,0
391,46.2,2.243,29786,17157,0,0,0
392,46.3,2.399,29785,17156,0,0,0
393,46.4,2.463,29791,17162,0,0,0
394,46.5,2.444,29785,17156,0,0,0
395,46.6,2.856,29751,17122,0,0,0
396,46.7,3.022,29758,17129,0,0,0
397,46.8,2.393,29782,17153,0,0,0
398,46.9,2.367,29794,17164,0,0,0
399,47.0,2.401,29776,17147,0,0,0
400,47.1,2.355,29777,17148,0,0,0
401,47.2,2.33,29787,17158,0,0,0
402,47.3,2.25,29800,17171,0,0,0
403,47.4,2.307,29824,17195,0,0,0
404,47.5,2.864,29811,17182,0,0,0
405,47.6,2.247,29801,17172,0,0,0
406,47.7,2.562,29802,17172,0,0,0
407,47.8,2.569,29798,17169,0,0,0
408,47.9,2.492,29787,17158,0,0,0
409,48.0,2.367,29767,17138,0,0,0
410,48.1,2.385,29778,17149,0,0,0
411,48.2,2.338,29794,17165,0,0,0
412,48.3,2.365,29803,17174,0,0,0
413,48.4,2.373,29818,17189,0,0,0
414,48.5,2.387,29825,17196,0,0,0
415,48.6,2.368,29808,17179,0,0,0
416,48.7,2.99,29806,17177,0,0,0
417,48.8,2.246,29799,17170,0,0,0
418,48.9,2.257,29782,17153,0,0,0
419,49.0,2.3,29791,17162,0,0,0
420,49.1,2.427,29801,17172,0,0,0
421,49.2,2.423,29803,17174,0,0,0
422,49.3,2.331,29824,17195,0,0,0
423,49.4,2.411,29848,17219,0,0,0
424,49.5,2.317,29823,17194,0,0,0
425,49.6,2.459,29814,17185,0,0,0
426,49.7,2.332,29814,17185,0,0,0
427,49.8,2.403,29786,17157,0,0,0
428,49.9,3.007,29791,17162,0,0,0
429,50.0,2.294,29812,17183,0,0,0
430,50.1,2.312,29816,17188,0,0,0
431,50.2,2.366,29819,17189,0,0,0
432,50.3,2.387,29855,17226,0,0,0
433,50.4,2.465,29846,17217,0,0,0
434,50.5,2.403,29823,17194,0,0,0
435,50.6,2.421,29821,17192,0,0,0
436,50.7,2.545,29805,17176,0,0,0
437,50.8,2.486,29787,17158,0,0,0
438,50.9,2.344,29821,17192,0,0,0
439,51.0,2.355,29821,17192,0,0,0
440,51.1,3.016,29814,17185,0,0,0
441,51.2,2.574,29838,17209,0,0,0
442,51.3,2.24,29859,17230,0,0,0
443,51.4,3.141,29830,17201,0,0,0
444,51.5,2.394,29837,17207,0,0,0
445,51.6,2.303,29832,17203,0,0,0
446,51.7,2.355,29790,17161,0,0,0
447,51.8,3.312,29793,17164,0,0,0
448,51.9,2.887,29820,17191,0,0,0
449,52.0,2.417,29827,17198,0,0,0
450,52.1,2.383,29818,17189,0,0,0
451,52.2,2.368,29823,17194,0,0,0
452,52.3,3.145,29858,17229,0,0,0
453,52.4,2.529,29845,17216,0,0,0
454,52.5,2.342,29831,17201,0,0,0
455,52.6,2.314,29821,17192,0,0,0
456,52.7,2.366,29800,17171,0,0,0
457,52.8,2.376,29784,17155,0,0,0
458,52.9,2.52,29807,17178,0,0,0
459,53.0,2.24,29828,17199,0,0,0
460,53.1,2.423,29819,17190,0,0,0
461,53.2,2.358,29840,17211,0,0,0
462,53.3,2.35,29855,17226,0,0,0
463,53.4,2.328,29831,17202,0,0,0
464,53.5,2.322,29821,17192,0,0,0
465,53.6,2.464,29827,17198,0,0,0
466,53.7,2.245,29792,17162,0,0,0
467,53.8,2.577,29784,17155,0,0,0
468,53.9,2.402,29816,17187,0,0,0
469,54.0,2.395,29825,17196,0,0,0
470,54.1,2.399,29815,17186,0,0,0
471,54.2,2.379,29842,17213,0,0,0
472,54.3,2.383,29851,17222,0,0,0
473,54.4,2.462,29827,17198,0,0,0
474,54.5,2.655,29829,17200,0,0,0
475,54.6,2.774,29800,17171,0,0,0
476,54.7,2.383,29781,17152,0,0,0
477,54.8,2.31,29806,17177,0,0,0
478,54.9,2.424,29822,17193,0,0,0
479,55.0,2.357,29822,17194,0,0,0
480,55.1,2.422,29839,17210,0,0,0
481,55.2,2.346,29857,17228,0,0,0
482,55.3,2.714,29836,17207,0,0,0
483,55.4,2.326,29819,17190,0,0,0
484,55.5,2.545,29826,17197,0,0,0
485,55.6,2.495,29800,17171,0,0,0
486,55.7,2.336,29797,17168,0,0,0
487,55.8,2.349,29814,17185,0,0,0
488,55.9,2.387,29828,17199,0,0,0
489,56.0,2.257,29826,17197,0,0,0
490,56.1,2.373,29863,17234,0,0,0
491,56.2,2.299,29857,17228,0,0,0
492,56.3,2.39,29831,17202,0,0,0
493,56.4,2.337,29833,17204,0,0,0
494,56.5,2.476,29813,17184,0,0,0
495,56.6,2.405,29794,17165,0,0,0
496,56.7,2.241,29820,17191,0,0,0
497,56.8,2.391,29830,17201,0,0,0
498,56.9,2.383,29821,17192,0,0,0
499,57.0,2.252,29844,17215,0,0,0
500,57.1,2.323,29856,17227,0,0,0
501,57.2,3.327,29835,17206,0,0,0
502,57.3,2.377,29824,17195,0,0,0
503,57.4,2.369,29821,17192,0,0,0
504,57.5,2.256,29800,17171,0,0,0
505,57.6,2.34,29798,17169,0,0,0
506,57.7,2.484,29825,17196,0,0,0
507,57.8,2.404,29828,17199,0,0,0
508,57.9,2.385,29824,17195,0,0,0
509,58.0,2.261,29849,17220,0,0,0
510,58.1,3.006,29847,17218,0,0,0
511,58.2,2.516,29828,17199,0,0,0
512,58.3,2.367,29823,17194,0,0,0
513,58.4,2.426,29800,17171,0,0,0
514,58.5,2.318,29788,17159,0,0,0
515,58.6,2.31,29810,17181,0,0,0
516,58.7,2.278,29824,17195,0,0,0
517,58.8,2.266,29810,17181,0,0,0
518,58.9,2.336,29809,17180,0,0,0
519,59.0,2.861,29818,17189,0,0,0
520,59.1,2.395,29822,17193,0,0,0
521,59.2,2.454,29817,17188,0,0,0
522,59.3,2.238,29818,17189,0,0,0
523,59.4,2.452,29817,17188,0,0,0
524,59.5,2.689,29824,17195,0,0,0
525,59.6,2.713,29814,17185,0,0,0
526,59.7,2.361,29822,17193,0,0,0
527,59.8,2.38,29814,17185,0,0,0
528,59.9,2.394,29818,17189,0,0,0
529,60.0,2.421,29832,17202,0,0,0
530,60.1,2.606,29861,17232,0,0,0
531,60.2,2.284,29838,17210,0,0,0
532,60.3,2.364,29832,17203,0,0,0
533,60.4,2.254,29836,17207,0,0,0
534,60.5,2.296,29825,17196,0,0,0
535,60.6,2.32,29822,17194,0,0,0
536,60.7,2.424,29828,17199,0,0,0
537,60.8,2.392,29819,17190,0,0,0
538,60.9,2.312,29814,17185,0,0,0
539,61.0,2.246,29819,17190,0,0,0
540,61.1,2.495,29821,17192,0,0,0
541,61.2,2.515,29820,17191,0,0,0
542,61.3,2.353,29818,17190,0,0,0
543,61.4,2.959,29816,17187,0,0,0
544,61.5,2.24,29820,17191,0,0,0
545,61.6,2.223,29809,17180,0,0,0
546,61.7,2.764,29818,17189,0,0,0
547,61.8,2.376,29801,17172,0,0,0
548,61.9,2.761,29771,17142,0,0,0
549,62.0,2.45,29792,17163,0,0,0
550,62.1,2.367,29811,17182,0,0,0
551,62.2,2.352,29802,17173,0,0,0
552,62.3,2.352,29809,17180,0,0,0
553,62.4,2.283,29809,17180,0,0,0
554,62.5,2.249,29807,17178,0,0,0
555,62.6,2.367,29804,17175,0,0,0
556,62.7,2.344,29811,17182,0,0,0
557,62.8,2.301,29811,17183,0,0,0
558,62.9,2.952,29811,17182,0,0,0
559,63.0,2.344,29810,17181,0,0,0
560,63.1,2.446,29809,17180,0,0,0
561,63.2,2.359,29816,17187,0,0,0
562,63.3,2.248,29823,17194,0,0,0
563,63.4,2.397,29817,17188,0,0,0
564,63.5,2.239,29821,17192,0,0,0
565,63.6,2.323,29825,17196,0,0,0
566,63.7,2.537,29827,17198,0,0,0
567,63.8,2.533,29858,17229,0,0,0
568,63.9,2.424,29847,17218,0,0,0
569,64.0,2.421,29823,17194,0,0,0
570,64.1,2.517,29825,17196,0,0,0
571,64.2,2.68,29840,17211,0,0,0
572,64.3,2.505,29832,17203,0,0,0
573,64.4,2.392,29818,17189,0,0,0
574,64.5,2.376,29818,17189,0,0,0
575,64.6,2.329,29824,17195,0,0,0
576,64.7,2.855,29822,17193,0,0,0
577,64.8,2.331,29811,17182,0,0,0
578,64.9,2.484,29816,17187,0,0,0
579,65.0,2.321,29818,17189,0,0,0
580,65.1,2.379,29810,17181,0,0,0
581,65.2,2.253,29811,17182,0,0,0
582,65.3,2.885,29811,17182,0,0,0
583,65.4,2.48,29810,17181,0,0,0
584,65.5,2.778,29795,17166,0,0,0
585,65.6,3.139,29770,17141,0,0,0
586,65.7,2.324,29791,17162,0,0,0
587,65.8,2.682,29802,17173,0,0,0
588,65.9,2.553,29803,17175,0,0,0
589,66.0,2.66,29805,17176,0,0,0
590,66.1,3.962,29798,17169,0,0,0
591,66.2,3.398,29800,17171,0,0,0
592,66.3,3.459,29809,17180,0,0,0
593,66.4,2.826,29836,17206,0,0,0
594,66.5,3.008,29831,17202,0,0,0
595,66.6,2.685,29812,17183,0,0,0
596,66.7,2.692,29819,17190,0,0,0
597,66.8,2.516,29815,17186,0,0,0
598,66.9,3.517,29803,17174,0,0,0
599,67.0,4.056,29772,17143,0,0,0
600,67.1,2.989,29790,17161,0,0,0
601,67.2,3.812,29799,17170,0,0,0
602,67.3,2.659,29801,17172,0,0,0
603,67.4,2.754,29803,17174,0,0,0
604,67.5,2.843,29799,17170,0,0,0
605,67.6,3.108,29803,17174,0,0,0
606,67.7,2.68,29801,17172,0,0,0
607,67.8,2.583,29799,17170,0,0,0
608,67.9,4.233,29808,17179,0,0,0
609,68.0,2.852,29802,17173,0,0,0
610,68.1,3.367,29805,17176,0,0,0
611,68.2,2.334,29812,17183,0,0,0
612,68.3,2.525,29809,17180,0,0,0
613,68.4,2.815,29809,17180,0,0,0
614,68.5,3.184,29809,17180,0,0,0
615,68.6,3.599,29840,17211,0,0,0
616,68.7,2.599,29837,17208,0,0,0
617,68.8,3.214,29815,17186,0,0,0
618,68.9,2.824,29812,17183,0,0,0
619,69.0,4.108,29826,17197,0,0,0
620,69.1,2.388,29828,17199,0,0,0
621,69.2,2.425,29811,17182,0,0,0
622,69.3,2.549,29805,17176,0,0,0
623,69.4,2.848,29783,17154,0,0,0
624,69.5,2.755,29796,17167,0,0,0
625,69.6,2.855,29809,17180,0,0,0
626,69.7,2.963,29809,17180,0,0,0
627,69.8,2.735,29803,17174,0,0,0
628,69.9,2.52,29807,17178,0,0,0
629,70.0,2.44,29849,17220,0,0,0
630,70.1,2.681,29849,17220,0,0,0
631,70.2,2.482,29814,17185,0,0,0
632,70.3,2.69,29816,17187,0,0,0
633,70.4,2.882,29797,17168,0,0,0
634,70.5,3.188,29790,17161,0,0,0
635,70.6,2.76,29806,17177,0,0,0
636,70.7,3.109,29820,17191,0,0,0
637,70.8,2.908,29819,17190,0,0,0
638,70.9,2.657,29807,17178,0,0,0
639,71.0,2.817,29846,17217,0,0,0
640,71.1,2.562,29845,17216,0,0,0
641,71.2,2.445,29823,17194,0,0,0
642,71.3,3.969,29823,17194,0,0,0
643,71.4,2.921,29823,17194,0,0,0
644,71.5,2.731,29812,17183,0,0,0
645,71.6,2.96,29812,17183,0,0,0
646,71.7,3.364,29815,17186,0,0,0
647,71.8,2.656,29816,17187,0,0,0
648,71.9,2.594,29818,17189,0,0,0
649,72.0,2.428,29808,17179,0,0,0
650,72.1,2.475,29814,17185,0,0,0
651,72.2,2.654,29806,17177,0,0,0
652,72.3,2.699,29810,17181,0,0,0
653,72.4,2.513,29809,17180,0,0,0
654,72.5,2.379,29800,17171,0,0,0
655,72.6,2.745,29768,17139,0,0,0
656,72.7,2.425,29777,17148,0,0,0
657,72.8,2.554,29799,17170,0,0,0
658,72.9,2.553,29799,17170,0,0,0
659,73.0,2.449,29798,17169,0,0,0
660,73.1,2.537,29797,17168,0,0,0
661,73.2,2.538,29800,17171,0,0,0
662,73.3,3.285,29802,17173,0,0,0
663,73.4,3.04,29825,17196,0,0,0
664,73.5,2.552,29831,17202,0,0,0
665,73.6,2.64,29809,17180,0,0,0
666,73.7,2.501,29801,17172,0,0,0
667,73.8,2.834,29797,17168,0,0,0
668,73.9,2.449,29804,17175,0,0,0
669,74.0,2.647,29789,17160,0,0,0
670,74.1,2.324,29777,17146,0,0,0
671,74.2,2.641,29794,17165,0,0,0
672,74.3,2.614,29801,17172,0,0,0
673,74.4,2.612,29792,17163,0,0,0
674,74.5,2.489,29794,17165,0,0,0
675,74.6,2.343,29802,17173,0,0,0
676,74.7,2.356,29797,17168,0,0,0
677,74.8,2.486,29801,17172,0,0,0
678,74.9,2.428,29802,17173,0,0,0
679,75.0,3.359,29802,17173,0,0,0
680,75.1,2.289,29802,17173,0,0,0
681,75.2,2.449,29803,17174,0,0,0
682,75.3,2.517,29804,17175,0,0,0
683,75.4,2.425,29806,17177,0,0,0
684,75.5,3.261,29805,17176,0,0,0
685,75.6,2.445,29828,17199,0,0,0
686,75.7,2.459,29837,17209,0,0,0
687,75.8,2.413,29815,17186,0,0,0
688,75.9,2.347,29817,17188,0,0,0
689,76.0,2.483,29813,17184,0,0,0
690,76.1,2.462,29819,17190,0,0,0
691,76.2,2.313,29810,17180,0,0,0
692,76.3,2.674,29805,17176,0,0,0
693,76.4,2.33,29775,17146,0,0,0
694,76.5,2.566,29774,17145,0,0,0
695,76.6,3.058,29805,17176,0,0,0
696,76.7,3.325,29811,17182,0,0,0
697,76.8,2.355,29797,17168,0,0,0
698,76.9,2.614,29800,17171,0,0,0
699,77.0,2.499,29845,17216,0,0,0
700,77.1,2.391,29842,17213,0,0,0
701,77.2,2.572,29817,17188,0,0,0
702,77.3,2.436,29819,17189,0,0,0
703,77.4,2.586,29820,17191,0,0,0
704,77.5,2.534,29815,17186,0,0,0
705,77.6,2.366,29811,17182,0,0,0
706,77.7,2.547,29816,17187,0,0,0
707,77.8,2.457,29813,17184,0,0,0
708,77.9,2.49,29811,17182,0,0,0
709,78.0,2.563,29809,17180,0,0,0
710,78.1,2.461,29810,17181,0,0,0
711,78.2,2.482,29809,17181,0,0,0
712,78.3,2.558,29810,17182,0,0,0
713,78.4,2.345,29802,17173,0,0,0
714,78.5,2.336,29790,17161,0,0,0
715,78.6,2.438,29769,17140,0,0,0
716,78.7,2.831,29786,17157,0,0,0
717,78.8,2.765,29802,17173,0,0,0
718,78.9,2.475,29800,17171,0,0,0
719,79.0,2.319,29790,17161,0,0,0
720,79.1,3.005,29788,17159,0,0,0
721,79.2,2.535,29801,17172,0,0,0
722,79.3,2.462,29806,17177,0,0,0
723,79.4,2.401,29802,17173,0,0,0
724,79.5,2.365,29795,17166,0,0,0
725,79.6,2.442,29796,17167,0,0,0
726,79.7,2.384,29799,17170,0,0,0
727,79.8,2.299,29800,17171,0,0,0
728,79.9,2.38,29798,17169,0,0,0
729,80.0,2.337,29798,17169,0,0,0
730,80.1,2.335,29800,17171,0,0,0
731,80.2,2.624,29803,17174,0,0,0
732,80.3,2.308,29801,17172,0,0,0
733,80.4,2.514,29800,17171,0,0,0
734,80.5,2.451,29838,17209,0,0,0
735,80.6,2.558,29826,17197,0,0,0
736,80.7,2.504,29806,17177,0,0,0
737,80.8,2.441,29811,17182,0,0,0
738,80.9,2.588,29810,17181,0,0,0
739,81.0,2.321,29812,17183,0,0,0
740,81.1,2.341,29806,17177,0,0,0
741,81.2,2.431,29800,17171,0,0,0
742,81.3,2.688,29776,17147,0,0,0
743,81.4,2.606,29770,17141,0,0,0
744,81.5,2.529,29793,17164,0,0,0
745,81.6,2.425,29798,17169,0,0,0
746,81.7,2.596,29794,17165,0,0,0
747,81.8,2.351,29789,17160,0,0,0
748,81.9,2.343,29802,17173,0,0,0
749,82.0,2.445,29830,17201,0,0,0
750,82.1,2.673,29819,17191,0,0,0
751,82.2,2.379,29794,17165,0,0,0
752,82.3,2.483,29797,17168,0,0,0
753,82.4,3.237,29806,17177,0,0,0
754,82.5,2.473,29804,17175,0,0,0
755,82.6,3.299,29798,17169,0,0,0
756,82.7,2.409,29798,17169,0,0,0
757,82.8,2.423,29801,17172,0,0,0
758,82.9,2.478,29801,17171,0,0,0
759,83.0,2.533,29799,17170,0,0,0
760,83.1,2.477,29797,17168,0,0,0
761,83.2,2.435,29799,17170,0,0,0
762,83.3,2.374,29797,17168,0,0,0
763,83.4,2.333,29800,17171,0,0,0
764,83.5,2.562,29783,17154,0,0,0
765,83.6,2.33,29761,17132,0,0,0
766,83.7,2.401,29774,17145,0,0,0
767,83.8,2.252,29797,17168,0,0,0
768,83.9,2.299,29792,17163,0,0,0
769,84.0,2.241,29796,17167,0,0,0
770,84.1,2.362,29797,17168,0,0,0
771,84.2,2.247,29799,17170,0,0,0
772,84.3,2.713,29804,17175,0,0,0
773,84.4,2.447,29828,17199,0,0,0
774,84.5,2.256,29825,17196,0,0,0
775,84.6,2.385,29807,17178,0,0,0
776,84.7,2.507,29805,17176,0,0,0
777,84.8,2.356,29807,17178,0,0,0
778,84.9,2.564,29801,17172,0,0,0
779,85.0,2.464,29767,17138,0,0,0
780,85.1,2.504,29782,17153,0,0,0
781,85.2,2.242,29798,17169,0,0,0
782,85.3,2.298,29797,17168,0,0,0
783,85.4,2.277,29796,17167,0,0,0
784,85.5,2.264,29798,17169,0,0,0
785,85.6,3.22,29798,17169,0,0,0
786,85.7,2.397,29803,17174,0,0,0
787,85.8,2.508,29799,17170,0,0,0
788,85.9,3.1,29803,17174,0,0,0
789,86.0,2.339,29797,17168,0,0,0
790,86.1,2.374,29805,17176,0,0,0
791,86.2,2.227,29796,17167,0,0,0
792,86.3,2.355,29801,17172,0,0,0
793,86.4,2.306,29799,17170,0,0,0
794,86.5,2.333,29803,17174,0,0,0
795,86.6,2.777,29827,17198,0,0,0
796,86.7,2.417,29835,17206,0,0,0
797,86.8,2.501,29812,17183,0,0,0
798,86.9,2.332,29804,17175,0,0,0
799,87.0,2.258,29805,17176,0,0,0
800,87.1,2.363,29809,17180,0,0,0
801,87.2,2.315,29807,17178,0,0,0
802,87.3,2.328,29803,17174,0,0,0
803,87.4,2.412,29770,17141,0,0,0
804,87.5,2.245,29764,17135,0,0,0
805,87.6,3.629,29789,17160,0,0,0
806,87.7,2.401,29791,17162,0,0,0
807,87.8,2.379,29790,17162,0,0,0
808,87.9,2.504,29790,17161,0,0,0
809,88.0,2.657,29803,17174,0,0,0
810,88.1,2.474,29834,17205,0,0,0
811,88.2,2.409,29820,17191,0,0,0
812,88.3,2.383,29801,17172,0,0,0
813,88.4,2.381,29802,17173,0,0,0
814,88.5,2.226,29804,17175,0,0,0
815,88.6,2.428,29802,17173,0,0,0
816,88.7,2.373,29804,17174,0,0,0
817,88.8,2.837,29797,17168,0,0,0
818,88.9,2.289,29801,17172,0,0,0
819,89.0,2.439,29800,17171,0,0,0
820,89.1,2.467,29799,17170,0,0,0
821,89.2,2.305,29804,17175,0,0,0
822,89.3,2.371,29798,17169,0,0,0
823,89.4,2.358,29795,17166,0,0,0
824,89.5,2.357,29797,17168,0,0,0
825,89.6,2.33,29769,17140,0,0,0
826,89.7,2.479,29761,17132,0,0,0
827,89.8,2.393,29788,17159,0,0,0
828,89.9,2.796,29790,17161,0,0,0
829,90.0,2.322,29792,17163,0,0,0
830,90.1,2.241,29795,17166,0,0,0
831,90.2,2.237,29800,17171,0,0,0
832,90.3,2.239,29795,17166,0,0,0
833,90.4,2.765,29797,17168,0,0,0
834,90.5,2.585,29795,17166,0,0,0
835,90.6,2.352,29795,17166,0,0,0
836,90.7,2.238,29798,17169,0,0,0
837,90.8,2.464,29802,17173,0,0,0
838,90.9,2.971,29801,17172,0,0,0
839,91.0,3.487,29802,17173,0,0,0
840,91.1,2.767,29803,17174,0,0,0
841,91.2,2.546,29799,17170,0,0,0
842,91.3,2.591,29805,17176,0,0,0
843,91.4,2.659,29801,17172,0,0,0
844,91.5,4.149,29827,17198,0,0,0
845,91.6,2.813,29838,17209,0,0,0
846,91.7,4.192,29814,17185,0,0,0
847,91.8,2.816,29803,17174,0,0,0
848,91.9,3.119,29812,17183,0,0,0
849,92.0,2.913,29811,17182,0,0,0
850,92.1,2.71,29802,17173,0,0,0
851,92.2,2.744,29805,17176,0,0,0
852,92.3,2.498,29803,17174,0,0,0
853,92.4,2.41,29769,17140,0,0,0
854,92.5,2.532,29775,17146,0,0,0
855,92.6,2.434,29793,17164,0,0,0
856,92.7,2.47,29793,17164,0,0,0
857,92.8,2.447,29793,17164,0,0,0
858,92.9,2.337,29791,17162,0,0,0
859,93.0,3.009,29811,17182,0,0,0
860,93.1,2.484,29826,17197,0,0,0
861,93.2,2.649,29816,17187,0,0,0
862,93.3,2.583,29792,17163,0,0,0
863,93.4,2.904,29792,17164,0,0,0
864,93.5,2.499,29799,17170,0,0,0
865,93.6,2.399,29803,17174,0,0,0
866,93.7,2.37,29804,17175,0,0,0
867,93.8,2.413,29797,17168,0,0,0
868,93.9,2.466,29800,17171,0,0,0
869,94.0,2.535,29796,17167,0,0,0
870,94.1,2.65,29793,17164,0,0,0
871,94.2,2.542,29797,17168,0,0,0
872,94.3,2.648,29794,17165,0,0,0
873,94.4,2.364,29790,17161,0,0,0
874,94.5,2.525,29798,17169,0,0,0
875,94.6,2.426,29761,17132,0,0,0
876,94.7,2.485,29756,17127,0,0,0
877,94.8,2.561,29784,17155,0,0,0
878,94.9,2.449,29792,17163,0,0,0
879,95.0,2.666,29793,17164,0,0,0
880,95.1,2.512,29788,17159,0,0,0
881,95.2,2.844,29785,17156,0,0,0
882,95.3,2.574,29795,17166,0,0,0
883,95.4,2.382,29802,17173,0,0,0
884,95.5,2.588,29793,17164,0,0,0
885,95.6,2.491,29795,17166,0,0,0
886,95.7,2.589,29796,17167,0,0,0
887,95.8,2.521,29797,17168,0,0,0
888,95.9,2.505,29800,17171,0,0,0
889,96.0,2.639,29801,17172,0,0,0
890,96.1,2.323,29803,17174,0,0,0
891,96.2,3.749,29800,17171,0,0,0
892,96.3,2.718,29804,17175,0,0,0
893,96.4,2.412,29807,17178,0,0,0
894,96.5,2.546,29825,17196,0,0,0
895,96.6,2.413,29841,17212,0,0,0
896,96.7,2.339,29818,17189,0,0,0
897,96.8,2.586,29808,17179,0,0,0
898,96.9,2.874,29807,17178,0,0,0
899,97.0,2.672,29818,17189,0,0,0
900,97.1,2.457,29817,17188,0,0,0
901,97.2,2.357,29805,17176,0,0,0
902,97.3,2.557,29807,17178,0,0,0
903,97.4,2.363,29780,17151,0,0,0
904,97.5,2.354,29769,17140,0,0,0
905,97.6,2.266,29789,17159,0,0,0
906,97.7,2.443,29797,17168,0,0,0
907,97.8,2.384,29793,17164,0,0,0
908,97.9,2.366,29793,17164,0,0,0
909,98.0,2.924,29795,17166,0,0,0
910,98.1,2.459,29824,17195,0,0,0
911,98.2,2.37,29824,17195,0,0,0
912,98.3,2.401,29800,17171,0,0,0
913,98.4,2.275,29799,17170,0,0,0
914,98.5,2.337,29801,17172,0,0,0
915,98.6,2.606,29803,17174,0,0,0
916,98.7,2.239,29799,17170,0,0,0
917,98.8,2.73,29793,17164,0,0,0
918,98.9,3.489,29797,17168,0,0,0
919,99.0,3.214,29791,17162,0,0,0
920,99.1,3.061,29790,17161,0,0,0
921,99.2,2.613,29793,17164,0,0,0
922,99.3,2.83,29796,17167,0,0,0
923,99.4,3.119,29796,17167,0,0,0
924,99.5,2.821,29791,17162,0,0,0
925,99.6,3.054,29757,17128,0,0,0
926,99.7,2.864,29762,17133,0,0,0
927,99.8,2.43,29783,17154,0,0,0
928,99.9,2.411,29788,17159,0,0,0
929,100.0,2.964,29781,17152,0,0,0
930,100.1,2.744,29785,17156,0,0,0
931,100.2,2.396,29790,17161,0,0,0
932,100.3,2.563,29790,17161,0,0,0
933,100.4,2.536,29790,17161,0,0,0
934,100.5,2.623,29790,17161,0,0,0
935,100.6,2.62,29796,17167,0,0,0
936,100.7,2.613,29797,17168,0,0,0
937,100.8,2.754,29794,17165,0,0,0
938,100.9,2.737,29799,17170,0,0,0
939,101.0,2.487,29795,17166,0,0,0
940,101.1,2.646,29800,17171,0,0,0
941,101.2,2.426,29804,17175,0,0,0
942,101.3,2.527,29803,17174,0,0,0
943,101.4,2.472,29803,17174,0,0,0
944,101.5,2.925,29832,17203,0,0,0
945,101.6,2.643,29841,17212,0,0,0
946,101.7,2.551,29818,17189,0,0,0
947,101.8,2.478,29803,17174,0,0,0
948,101.9,2.81,29805,17176,0,0,0
949,102.0,2.48,29809,17180,0,0,0
950,102.1,2.759,29809,17180,0,0,0
951,102.2,2.495,29806,17177,0,0,0
952,102.3,2.411,29788,17159,0,0,0
953,102.4,2.587,29761,17132,0,0,0
954,102.5,2.319,29791,17162,0,0,0
955,102.6,2.434,29806,17178,0,0,0
956,102.7,2.548,29791,17162,0,0,0
957,102.8,2.459,29791,17162,0,0,0
958,102.9,2.367,29804,17175,0,0,0
959,103.0,2.367,29828,17199,0,0,0
960,103.1,2.243,29823,17194,0,0,0
961,103.2,2.503,29803,17174,0,0,0
962,103.3,2.573,29801,17172,0,0,0
963,103.4,2.271,29802,17173,0,0,0
964,103.5,2.408,29806,17177,0,0,0
965,103.6,2.615,29804,17175,0,0,0
966,103.7,2.336,29799,17170,0,0,0
967,103.8,2.506,29795,17166,0,0,0
968,103.9,2.418,29796,17167,0,0,0
969,104.0,2.373,29797,17168,0,0,0
970,104.1,2.354,29795,17166,0,0,0
971,104.2,2.346,29796,17167,0,0,0
972,104.3,2.351,29793,17164,0,0,0
973,104.4,2.73,29789,17160,0,0,0
974,104.5,2.651,29772,17143,0,0,0
975,104.6,2.695,29747,17118,0,0,0
976,104.7,2.589,29776,17147,0,0,0
977,104.8,2.687,29786,17157,0,0,0
978,104.9,2.94,29783,17154,0,0,0
979,105.0,3.638,29783,17154,0,0,0
980,105.1,2.84,29791,17162,0,0,0
981,105.2,3.467,29788,17159,0,0,0
982,105.3,2.435,29786,17157,0,0,0
983,105.4,2.659,29807,17178,0,0,0
984,105.5,2.248,29822,17193,0,0,0
985,105.6,3.006,29805,17176,0,0,0
986,105.7,2.78,29791,17162,0,0,0
987,105.8,2.564,29793,17164,0,0,0
988,105.9,2.768,29800,17171,0,0,0
989,106.0,3.88,29776,17147,0,0,0
990,106.1,2.491,29759,17130,0,0,0
991,106.2,3.239,29779,17150,0,0,0
992,106.3,4.597,29788,17159,0,0,0
993,106.4,2.894,29788,17159,0,0,0
994,106.5,2.66,29781,17152,0,0,0
995,106.6,3.842,29790,17161,0,0,0
996,106.7,3.309,29791,17162,0,0,0
997,106.8,3.375,29790,17161,0,0,0
998,106.9,2.922,29787,17158,0,0,0
999,107.0,2.975,29787,17158,0,0,0
1000,107.1,2.774,29792,17163,0,0,0
1001,107.2,2.856,29797,17168,0,0,0
1002,107.3,3.85,29798,17169,0,0,0
1003,107.4,2.878,29797,17168,0,0,0
1004,107.5,3.071,29800,17171,0,0,0
1005,107.6,2.563,29810,17181,0,0,0
1006,107.7,2.546,29828,17199,0,0,0
1007,107.8,2.598,29825,17196,0,0,0
1008,107.9,3.305,29809,17180,0,0,0
1009,108.0,4.313,29805,17176,0,0,0
1010,108.1,2.62,29814,17185,0,0,0
1011,108.2,3.82,29814,17185,0,0,0
1012,108.3,2.75,29812,17183,0,0,0
1013,108.4,2.89,29806,17177,0,0,0
1014,108.5,2.858,29804,17175,0,0,0
1015,108.6,2.808,29802,17173,0,0,0
1016,108.7,3.057,29802,17173,0,0,0
1017,108.8,3.734,29801,17172,0,0,0
1018,108.9,3.264,29803,17174,0,0,0
1019,109.0,2.867,29801,17172,0,0,0
1020,109.1,2.484,29793,17164,0,0,0
1021,109.2,3.035,29791,17162,0,0,0
1022,109.3,2.944,29798,17169,0,0,0
1023,109.4,3.016,29785,17156,0,0,0
1024,109.5,2.841,29759,17129,0,0,0
1025,109.6,2.343,29773,17144,0,0,0
1026,109.7,2.497,29792,17163,0,0,0
1027,109.8,2.974,29790,17161,0,0,0
1028,109.9,2.784,29784,17155,0,0,0
1029,110.0,2.583,29788,17159,0,0,0
1030,110.1,2.728,29790,17161,0,0,0
1031,110.2,3.12,29786,17157,0,0,0
1032,110.3,3.674,29806,17177,0,0,0
1033,110.4,2.677,29825,17196,0,0,0
1034,110.5,2.429,29803,17174,0,0,0
1035,110.6,4.14,29799,17170,0,0,0
1036,110.7,2.736,29798,17169,0,0,0
1037,110.8,2.823,29796,17167,0,0,0
1038,110.9,2.603,29775,17146,0,0,0
1039,111.0,2.887,29752,17123,0,0,0
1040,111.1,2.673,29774,17145,0,0,0
1041,111.2,3.463,29792,17163,0,0,0
1042,111.3,3.181,29792,17163,0,0,0
1043,111.4,3.049,29807,17178,0,0,0
1044,111.5,3.145,29817,17188,0,0,0
1045,111.6,2.933,29801,17172,0,0,0
1046,111.7,3.085,29792,17163,0,0,0
1047,111.8,3.681,29783,17153,0,0,0
1048,111.9,2.864,29759,17130,0,0,0
1049,112.0,2.669,29770,17141,0,0,0
1050,112.1,2.636,29789,17160,0,0,0
1051,112.2,3.543,29796,17167,0,0,0
1052,112.3,2.735,29818,17189,0,0,0
1053,112.4,3.979,29824,17195,0,0,0
1054,112.5,2.617,29804,17175,0,0,0
1055,112.6,2.487,29790,17161,0,0,0
1056,112.7,3.572,29780,17151,0,0,0
1057,112.8,2.78,29764,17135,0,0,0
1058,112.9,2.654,29782,17153,0,0,0
1059,113.0,2.489,29794,17165,0,0,0
1060,113.1,3.673,29798,17169,0,0,0
1061,113.2,3.183,29814,17185,0,0,0
1062,113.3,2.421,29834,17205,0,0,0
1063,113.4,3.357,29814,17185,0,0,0
1064,113.5,2.4,29796,17167,0,0,0
1065,113.6,3.754,29791,17162,0,0,0
1066,113.7,3.343,29769,17140,0,0,0
1067,113.8,2.344,29782,17153,0,0,0
1068,113.9,2.346,29798,17169,0,0,0
1069,114.0,3.565,29795,17166,0,0,0
1070,114.1,2.746,29813,17184,0,0,0
1071,114.2,3.008,29826,17197,0,0,0
1072,114.3,3.914,29813,17184,0,0,0
1073,114.4,2.382,29795,17166,0,0,0
1074,114.5,2.629,29784,17155,0,0,0
1075,114.6,3.422,29767,17138,0,0,0
1076,114.7,2.517,29779,17150,0,0,0
1077,114.8,2.841,29795,17166,0,0,0
1078,114.9,2.593,29794,17165,0,0,0
1079,115.0,2.741,29821,17192,0,0,0
1080,115.1,2.516,29819,17190,0,0,0
1081,115.2,2.425,29804,17175,0,0,0
1082,115.3,2.548,29798,17169,0,0,0
1083,115.4,2.697,29794,17165,0,0,0
1084,115.5,2.457,29759,17130,0,0,0
1085,115.6,2.376,29771,17142,0,0,0
1086,115.7,2.464,29795,17166,0,0,0
1087,115.8,2.687,29789,17161,0,0,0
1088,115.9,2.364,29786,17157,0,0,0
1089,116.0,2.681,29810,17181,0,0,0
1090,116.1,2.701,29820,17191,0,0,0
1091,116.2,3.37,29798,17169,0,0,0
1092,116.3,2.392,29786,17157,0,0,0
1093,116.4,2.714,29791,17162,0,0,0
1094,116.5,2.464,29773,17144,0,0,0
1095,116.6,2.368,29755,17126,0,0,0
1096,116.7,2.425,29778,17149,0,0,0
1097,116.8,2.554,29794,17165,0,0,0
1098,116.9,2.431,29798,17169,0,0,0
1099,117.0,2.546,29818,17189,0,0,0
1100,117.1,2.442,29812,17183,0,0,0
1101,117.2,2.483,29792,17163,0,0,0
1102,117.3,2.348,29796,17167,0,0,0
1103,117.4,2.348,29772,17143,0,0,0
1104,117.5,2.4,29767,17138,0,0,0
1105,117.6,2.764,29791,17162,0,0,0
1106,117.7,2.239,29791,17162,0,0,0
1107,117.8,2.286,29788,17159,0,0,0
1108,117.9,2.361,29787,17158,0,0,0
1109,118.0,2.276,29790,17161,0,0,0
1110,118.1,2.272,29796,17167,0,0,0
1111,118.2,2.304,29796,17167,0,0,0
1112,118.3,2.262,29795,17166,0,0,0
1113,118.4,2.346,29799,17170,0,0,0
1114,118.5,2.312,29803,17174,0,0,0
1115,118.6,2.251,29797,17168,0,0,0
1116,118.7,2.394,29797,17168,0,0,0
1117,118.8,2.348,29808,17179,0,0,0
1118,118.9,2.399,29811,17182,0,0,0
1119,119.0,2.364,29821,17192,0,0,0
1120,119.1,2.282,29831,17202,0,0,0
1121,119.2,2.349,29818,17189,0,0,0
1122,119.3,2.303,29806,17177,0,0,0
1123,119.4,2.396,29806,17177,0,0,0
1124,119.5,2.633,29817,17188,0,0,0
1125,119.6,2.245,29804,17175,0,0,0
1126,119.7,3.249,29804,17176,0,0,0
1127,119.8,2.369,29803,17174,0,0,0
1128,119.9,3.857,29801,17172,0,0,0
1129,120.0,2.315,29802,17173,0,0,0
1130,120.1,3.07,29803,17174,0,0,0
1131,120.2,2.693,29801,17172,0,0,0
1132,120.3,3.026,29798,17169,0,0,0
1133,120.4,3.7,29797,17168,0,0,0
1134,120.5,2.954,29797,17168,0,0,0
1135,120.6,2.67,29802,17173,0,0,0
1136,120.7,2.67,29787,17157,0,0,0
1137,120.8,3.031,29748,17119,0,0,0
1138,120.9,2.519,29763,17134,0,0,0
1139,121.0,2.612,29791,17162,0,0,0
1140,121.1,2.395,29793,17164,0,0,0
1141,121.2,2.528,29782,17153,0,0,0
1142,121.3,2.773,29780,17151,0,0,0
1143,121.4,2.361,29787,17158,0,0,0
1144,121.5,2.348,29788,17159,0,0,0
1145,121.6,2.367,29786,17157,0,0,0
1146,121.7,2.885,29786,17157,0,0,0
1147,121.8,2.583,29788,17159,0,0,0
1148,121.9,2.53,29794,17165,0,0,0
1149,122.0,2.636,29788,17159,0,0,0
1150,122.1,2.5,29793,17164,0,0,0
1151,122.2,2.411,29792,17163,0,0,0
1152,122.3,2.669,29794,17165,0,0,0
1153,122.4,2.583,29794,17165,0,0,0
1154,122.5,2.437,29795,17166,0,0,0
1155,122.6,2.473,29796,17167,0,0,0
1156,122.7,2.36,29820,17191,0,0,0
1157,122.8,2.402,29826,17197,0,0,0
1158,122.9,2.345,29803,17174,0,0,0
1159,123.0,2.798,29802,17173,0,0,0
1160,123.1,2.417,29804,17175,0,0,0
1161,123.2,2.459,29806,17177,0,0,0
1162,123.3,2.677,29795,17166,0,0,0
1163,123.4,2.688,29801,17172,0,0,0
1164,123.5,2.866,29799,17170,0,0,0
1165,123.6,2.474,29797,17168,0,0,0
1166,123.7,4.845,29787,17158,0,0,0
1167,123.8,2.691,29796,17167,0,0,0
1168,123.9,2.571,29794,17165,0,0,0
1169,124.0,2.544,29792,17163,0,0,0
1170,124.1,2.576,29795,17166,0,0,0
1171,124.2,2.413,29800,17171,0,0,0
1172,124.3,2.417,29794,17165,0,0,0
1173,124.4,2.752,29787,17158,0,0,0
1174,124.5,2.324,29749,17120,0,0,0
1175,124.6,2.366,29755,17126,0,0,0
1176,124.7,2.56,29783,17154,0,0,0
1177,124.8,2.566,29786,17157,0,0,0
1178,124.9,2.724,29778,17149,0,0,0
1179,125.0,2.686,29784,17155,0,0,0
1180,125.1,2.534,29786,17157,0,0,0
1181,125.2,2.439,29785,17156,0,0,0
1182,125.3,2.506,29788,17159,0,0,0
1183,125.4,2.601,29818,17189,0,0,0
1184,125.5,2.359,29814,17185,0,0,0
1185,125.6,2.541,29795,17166,0,0,0
1186,125.7,2.508,29793,17165,0,0,0
1187,125.8,2.518,29801,17172,0,0,0
1188,125.9,2.44,29802,17173,0,0,0
1189,126.0,2.335,29778,17149,0,0,0
1190,126.1,2.39,29752,17123,0,0,0
1191,126.2,2.464,29776,17147,0,0,0
1192,126.3,2.613,29791,17162,0,0,0
1193,126.4,2.431,29788,17159,0,0,0
1194,126.5,2.559,29789,17160,0,0,0
1195,126.6,2.488,29794,17165,0,0,0
1196,126.7,2.425,29789,17160,0,0,0
1197,126.8,2.313,29790,17161,0,0,0
1198,126.9,2.449,29795,17166,0,0,0
1199,127.0,2.314,29799,17170,0,0,0
1200,127.1,2.398,29799,17170,0,0,0
1201,127.2,2.951,29794,17165,0,0,0
1202,127.3,2.62,29799,17170,0,0,0
1203,127.4,2.689,29805,17176,0,0,0
1204,127.5,2.43,29803,17174,0,0,0
1205,127.6,3.908,29810,17181,0,0,0
1206,127.7,2.291,29837,17208,0,0,0
1207,127.8,2.287,29827,17198,0,0,0
1208,127.9,2.401,29807,17178,0,0,0
1209,128.0,2.387,29810,17181,0,0,0
1210,128.1,2.371,29814,17185,0,0,0
1211,128.2,2.219,29805,17176,0,0,0
1212,128.3,2.397,29803,17174,0,0,0
1213,128.4,2.334,29781,17152,0,0,0
1214,128.5,2.244,29775,17146,0,0,0
1215,128.6,2.203,29788,17159,0,0,0
1216,128.7,2.302,29800,17171,0,0,0
1217,128.8,2.346,29803,17174,0,0,0
1218,128.9,2.246,29799,17170,0,0,0
1219,129.0,2.352,29819,17190,0,0,0
1220,129.1,2.233,29827,17198,0,0,0
1221,129.2,2.234,29810,17181,0,0,0
1222,129.3,2.469,29789,17160,0,0,0
1223,129.4,2.356,29769,17140,0,0,0
1224,129.5,3.072,29776,17147,0,0,0
1225,129.6,2.478,29790,17161,0,0,0
1226,129.7,2.334,29795,17166,0,0,0
1227,129.8,2.377,29799,17170,0,0,0
1228,129.9,2.425,29825,17196,0,0,0
1229,130.0,2.407,29815,17186,0,0,0
1230,130.1,2.418,29803,17174,0,0,0
1231,130.2,3.016,29792,17163,0,0,0
1232,130.3,2.7,29789,17160,0,0,0
1233,130.4,2.371,29764,17135,0,0,0
1234,130.5,2.303,29776,17147,0,0,0
1235,130.6,2.272,29791,17162,0,0,0
1236,130.7,2.558,29786,17157,0,0,0
1237,130.8,2.299,29801,17172,0,0,0
1238,130.9,2.442,29822,17193,0,0,0
1239,131.0,2.277,29812,17183,0,0,0
1240,131.1,2.3,29794,17165,0,0,0
1241,131.2,2.273,29778,17149,0,0,0
1242,131.3,2.693,29762,17133,0,0,0
1243,131.4,2.411,29777,17148,0,0,0
1244,131.5,2.45,29791,17162,0,0,0
1245,131.6,2.348,29792,17163,0,0,0
1246,131.7,2.346,29807,17178,0,0,0
1247,131.8,2.773,29821,17193,0,0,0
1248,131.9,2.421,29811,17182,0,0,0
1249,132.0,2.364,29794,17165,0,0,0
1250,132.1,2.296,29802,17173,0,0,0
1251,132.2,2.4,29778,17149,0,0,0
1252,132.3,2.358,29767,17138,0,0,0
1253,132.4,2.399,29787,17158,0,0,0
1254,132.5,2.408,29796,17167,0,0,0
1255,132.6,2.254,29784,17155,0,0,0
1256,132.7,2.441,29802,17173,0,0,0
1257,132.8,2.696,29829,17200,0,0,0
1258,132.9,2.485,29810,17181,0,0,0
1259,133.0,2.609,29797,17168,0,0,0
1260,133.1,2.502,29796,17167,0,0,0
1261,133.2,2.545,29765,17136,0,0,0
1262,133.3,2.798,29773,17144,0,0,0
1263,133.4,2.572,29792,17163,0,0,0
1264,133.5,2.672,29792,17163,0,0,0
1265,133.6,2.609,29805,17176,0,0,0
1266,133.7,2.586,29833,17204,0,0,0
1267,133.8,2.776,29814,17185,0,0,0
1268,133.9,2.913,29797,17168,0,0,0
1269,134.0,3.285,29797,17168,0,0,0
1270,134.1,4.514,29777,17148,0,0,0
1271,134.2,3.69,29776,17147,0,0,0
1272,134.3,3.474,29794,17165,0,0,0
1273,134.4,2.768,29795,17166,0,0,0
1274,134.5,2.296,29800,17171,0,0,0
1275,134.6,3.629,29830,17201,0,0,0
1276,134.7,3.692,29827,17198,0,0,0
1277,134.8,3.666,29802,17173,0,0,0
1278,134.9,3.709,29804,17175,0,0,0
1279,135.0,2.732,29786,17157,0,0,0
1280,135.1,2.578,29767,17138,0,0,0
1281,135.2,2.692,29792,17163,0,0,0
1282,135.3,2.757,29799,17171,0,0,0
1283,135.4,3.962,29798,17169,0,0,0
1284,135.5,3.875,29814,17185,0,0,0
1285,135.6,2.227,29828,17199,0,0,0
1286,135.7,3.143,29819,17190,0,0,0
1287,135.8,3.156,29802,17173,0,0,0
1288,135.9,3.655,29800,17171,0,0,0
1289,136.0,2.635,29783,17154,0,0,0
1290,136.1,3.107,29772,17143,0,0,0
1291,136.2,2.636,29789,17160,0,0,0
1292,136.3,2.939,29795,17166,0,0,0
1293,136.4,3.363,29804,17175,0,0,0
1294,136.5,3.11,29825,17196,0,0,0
1295,136.6,3.414,29816,17187,0,0,0
1296,136.7,2.299,29801,17172,0,0,0
1297,136.8,2.587,29795,17166,0,0,0
1298,136.9,3.266,29781,17152,0,0,0
1299,137.0,3.13,29765,17136,0,0,0
1300,137.1,2.767,29783,17154,0,0,0
1301,137.2,3.803,29788,17159,0,0,0
1302,137.3,3.129,29791,17162,0,0,0
1303,137.4,4.2,29807,17178,0,0,0
1304,137.5,3.681,29828,17199,0,0,0
1305,137.6,2.22,29805,17176,0,0,0
1306,137.7,2.568,29794,17165,0,0,0
1307,137.8,2.602,29800,17171,0,0,0
1308,137.9,2.481,29796,17167,0,0,0
1309,138.0,2.458,29802,17173,0,0,0
1310,138.1,2.654,29795,17166,0,0,0
1311,138.2,2.436,29794,17165,0,0,0
1312,138.3,2.439,29789,17160,0,0,0
1313,138.4,2.441,29792,17164,0,0,0
1314,138.5,2.353,29790,17161,0,0,0
1315,138.6,2.54,29795,17166,0,0,0
1316,138.7,2.661,29793,17164,0,0,0
1317,138.8,2.332,29793,17164,0,0,0
1318,138.9,2.489,29789,17160,0,0,0
1319,139.0,2.794,29750,17121,0,0,0
1320,139.1,2.565,29763,17134,0,0,0
1321,139.2,2.327,29786,17156,0,0,0
1322,139.3,3.198,29791,17162,0,0,0
1323,139.4,2.504,29782,17154,0,0,0
1324,139.5,2.576,29791,17162,0,0,0
1325,139.6,2.365,29791,17162,0,0,0
1326,139.7,2.659,29794,17165,0,0,0
1327,139.8,2.361,29793,17164,0,0,0
1328,139.9,2.419,29793,17164,0,0,0
1329,140.0,2.486,29796,17167,0,0,0
1330,140.1,2.802,29798,17169,0,0,0
1331,140.2,2.416,29792,17163,0,0,0
1332,140.3,2.565,29795,17166,0,0,0
1333,140.4,2.497,29799,17170,0,0,0
1334,140.5,2.576,29799,17170,0,0,0
1335,140.6,2.511,29800,17171,0,0,0
1336,140.7,2.646,29802,17173,0,0,0
1337,140.8,3.079,29816,17187,0,0,0
1338,140.9,2.467,29839,17209,0,0,0
1339,141.0,2.516,29817,17188,0,0,0
1340,141.1,2.388,29800,17171,0,0,0
1341,141.2,2.324,29809,17180,0,0,0
1342,141.3,2.46,29817,17188,0,0,0
1343,141.4,2.822,29807,17178,0,0,0
1344,141.5,2.487,29801,17172,0,0,0
1345,141.6,2.545,29802,17173,0,0,0
1346,141.7,2.325,29801,17172,0,0,0
1347,141.8,2.497,29804,17175,0,0,0
1348,141.9,2.347,29802,17172,0,0,0
1349,142.0,2.32,29799,17170,0,0,0
1350,142.1,2.882,29799,17170,0,0,0
1351,142.2,2.528,29795,17166,0,0,0
1352,142.3,2.504,29794,17165,0,0,0
1353,142.4,2.446,29796,17167,0,0,0
1354,142.5,2.371,29795,17166,0,0,0
1355,142.6,2.47,29783,17154,0,0,0
1356,142.7,2.353,29747,17118,0,0,0
1357,142.8,2.468,29768,17139,0,0,0
1358,142.9,2.379,29786,17157,0,0,0
1359,143.0,2.481,29784,17155,0,0,0
1360,143.1,4.379,29773,17144,0,0,0
1361,143.2,2.426,29781,17152,0,0,0
1362,143.3,2.429,29789,17160,0,0,0
1363,143.4,2.545,29781,17152,0,0,0
1364,143.5,2.475,29785,17156,0,0,0
1365,143.6,2.981,29787,17159,0,0,0
1366,143.7,2.482,29786,17157,0,0,0
1367,143.8,2.475,29789,17160,0,0,0
1368,143.9,2.579,29790,17161,0,0,0
1369,144.0,3.261,29787,17158,0,0,0
1370,144.1,2.492,29793,17164,0,0,0
1371,144.2,2.471,29794,17165,0,0,0
1372,144.3,2.528,29795,17166,0,0,0
1373,144.4,3.068,29793,17164,0,0,0
1374,144.5,2.673,29800,17171,0,0,0
1375,144.6,3.143,29832,17203,0,0,0
1376,144.7,2.472,29822,17193,0,0,0
1377,144.8,2.344,29804,17175,0,0,0
1378,144.9,2.428,29800,17171,0,0,0
1379,145.0,2.447,29810,17181,0,0,0
1380,145.1,2.625,29813,17184,0,0,0
1381,145.2,2.407,29805,17176,0,0,0
1382,145.3,2.751,29801,17172,0,0,0
1383,145.4,2.602,29769,17140,0,0,0
1384,145.5,2.375,29773,17144,0,0,0
1385,145.6,2.574,29795,17166,0,0,0
1386,145.7,2.643,29798,17170,0,0,0
1387,145.8,2.31,29792,17163,0,0,0
1388,145.9,2.301,29791,17162,0,0,0
1389,146.0,2.854,29815,17186,0,0,0
1390,146.1,2.322,29834,17205,0,0,0
1391,146.2,2.314,29817,17188,0,0,0
1392,146.3,2.444,29803,17174,0,0,0
1393,146.4,2.324,29806,17177,0,0,0
1394,146.5,3.11,29809,17180,0,0,0
1395,146.6,2.454,29807,17178,0,0,0
1396,146.7,3.427,29799,17171,0,0,0
1397,146.8,2.479,29805,17176,0,0,0
1398,146.9,2.693,29802,17173,0,0,0
1399,147.0,2.485,29800,17171,0,0,0
1400,147.1,2.539,29797,17168,0,0,0
1401,147.2,2.657,29796,17167,0,0,0
1402,147.3,2.476,29797,17168,0,0,0
1403,147.4,2.876,29794,17165,0,0,0
1404,147.5,2.455,29788,17159,0,0,0
1405,147.6,2.518,29754,17125,0,0,0
1406,147.7,2.519,29757,17128,0,0,0
1407,147.8,2.473,29782,17153,0,0,0
1408,147.9,2.355,29787,17158,0,0,0
1409,148.0,2.488,29778,17149,0,0,0
1410,148.1,2.757,29784,17155,0,0,0
1411,148.2,2.806,29787,17158,0,0,0
1412,148.3,2.521,29790,17161,0,0,0
1413,148.4,2.402,29785,17156,0,0,0
1414,148.5,2.386,29782,17153,0,0,0
1415,148.6,2.813,29789,17160,0,0,0
1416,148.7,2.477,29784,17155,0,0,0
1417,148.8,2.856,29789,17160,0,0,0
1418,148.9,2.52,29791,17162,0,0,0
1419,149.0,2.329,29791,17162,0,0,0
1420,149.1,3.208,29788,17159,0,0,0
1421,149.2,2.938,29787,17158,0,0,0
1422,149.3,5.155,29793,17164,0,0,0
1423,149.4,2.468,29805,17176,0,0,0
1424,149.5,2.508,29834,17205,0,0,0
1425,149.6,2.529,29822,17193,0,0,0
1426,149.7,2.345,29801,17172,0,0,0
1427,149.8,3.339,29792,17163,0,0,0
1428,149.9,2.32,29812,17183,0,0,0
1429,150.0,2.37,29801,17172,0,0,0
1430,150.1,2.36,29797,17168,0,0,0
1431,150.2,2.821,29795,17166,0,0,0
1432,150.3,2.933,29800,17171,0,0,0
1433,150.4,2.955,29759,17130,0,0,0
1434,150.5,3.865,29772,17143,0,0,0
1435,150.6,2.993,29788,17159,0,0,0
1436,150.7,2.792,29788,17159,0,0,0
1437,150.8,2.44,29790,17161,0,0,0
1438,150.9,3.726,29790,17161,0,0,0
1439,151.0,2.331,29802,17173,0,0,0
1440,151.1,3.418,29832,17203,0,0,0
1441,151.2,2.355,29810,17181,0,0,0
1442,151.3,4.824,29793,17164,0,0,0
1443,151.4,2.458,29804,17175,0,0,0
1444,151.5,2.327,29807,17178,0,0,0
1445,151.6,2.349,29803,17174,0,0,0
1446,151.7,2.36,29791,17162,0,0,0
1447,151.8,2.345,29799,17170,0,0,0
1448,151.9,2.541,29795,17166,0,0,0
1449,152.0,2.35,29798,17169,0,0,0
1450,152.1,2.7,29799,17170,0,0,0
1451,152.2,2.369,29799,17170,0,0,0
1452,152.3,2.333,29801,17172,0,0,0
1453,152.4,2.497,29796,17167,0,0,0
1454,152.5,2.304,29781,17152,0,0,0
1455,152.6,2.358,29756,17127,0,0,0
1456,152.7,2.382,29779,17150,0,0,0
1457,152.8,2.409,29794,17165,0,0,0
1458,152.9,2.322,29791,17162,0,0,0
1459,153.0,2.494,29784,17155,0,0,0
1460,153.1,2.416,29792,17163,0,0,0
1461,153.2,2.44,29791,17162,0,0,0
1462,153.3,2.504,29790,17161,0,0,0
1463,153.4,2.644,29814,17185,0,0,0
1464,153.5,2.356,29831,17202,0,0,0
1465,153.6,2.675,29808,17179,0,0,0
1466,153.7,2.655,29799,17170,0,0,0
1467,153.8,2.74,29799,17170,0,0,0
1468,153.9,2.669,29795,17166,0,0,0
1469,154.0,2.423,29777,17148,0,0,0
1470,154.1,2.782,29762,17133,0,0,0
1471,154.2,2.964,29783,17155,0,0,0
1472,154.3,2.557,29793,17164,0,0,0
1473,154.4,3.038,29790,17161,0,0,0
1474,154.5,2.524,29790,17161,0,0,0
1475,154.6,2.62,29789,17160,0,0,0
1476,154.7,2.394,29789,17160,0,0,0
1477,154.8,2.817,29792,17163,0,0,0
1478,154.9,2.566,29791,17162,0,0,0
1479,155.0,3.508,29787,17158,0,0,0
1480,155.1,2.579,29797,17167,0,0,0
1481,155.2,4.033,29793,17164,0,0,0
1482,155.3,3.576,29791,17162,0,0,0
1483,155.4,2.365,29796,17167,0,0,0
1484,155.5,2.367,29793,17164,0,0,0
1485,155.6,2.332,29807,17178,0,0,0
1486,155.7,2.654,29829,17200,0,0,0
1487,155.8,2.873,29808,17179,0,0,0
1488,155.9,2.879,29796,17167,0,0,0
1489,156.0,2.559,29802,17173,0,0,0
1490,156.1,3.102,29804,17175,0,0,0
1491,156.2,3.79,29796,17167,0,0,0
1492,156.3,3.143,29792,17164,0,0,0
1493,156.4,2.469,29768,17139,0,0,0
1494,156.5,2.705,29775,17146,0,0,0
1495,156.6,2.852,29812,17183,0,0,0
1496,156.7,4.185,29846,17217,0,0,0
1497,156.8,2.424,29872,17243,0,0,0
1498,156.9,4.26,29908,17279,0,0,0
1499,157.0,2.357,29956,17327,0,0,0
1500,157.1,2.815,30017,17388,0,0,0
1501,157.2,3.709,30074,17445,0,0,0
1502,157.3,3.671,30112,17483,0,0,0
1503,157.4,3.677,30173,17544,0,0,0
1504,157.5,2.726,30241,17612,0,0,0
1505,157.6,2.526,30315,17686,0,0,0
1506,157.7,2.466,30392,17763,0,0,0
1507,157.8,3.392,30478,17849,0,0,0
1508,157.9,2.387,30575,17946,0,0,0
1509,158.0,2.554,30651,18022,0,0,0
1510,158.1,3.094,30735,18106,0,0,0
1511,158.2,4.616,30818,18189,0,0,0
1512,158.3,3.116,30896,18267,0,0,0
1513,158.4,2.558,30983,18354,0,0,0
1514,158.5,2.768,31081,18452,0,0,0
1515,158.6,2.745,31175,18546,0,0,0
1516,158.7,2.523,31256,18627,0,0,0
1517,158.8,2.668,31332,18703,0,0,0
1518,158.9,2.467,31432,18803,0,0,0
1519,159.0,2.444,31543,18914,0,0,0
1520,159.1,3.167,31637,19008,0,0,0
1521,159.2,2.446,31731,19102,0,0,0
1522,159.3,2.671,31831,19202,0,0,0
1523,159.4,2.545,31934,19305,0,0,0
1524,159.5,2.786,32044,19415,0,0,0
1525,159.6,2.576,32145,19516,0,0,0
1526,159.7,2.528,32256,19627,0,0,0
1527,159.8,2.717,32368,19739,0,0,0
1528,159.9,2.783,32487,19858,0,0,0
1529,160.0,2.629,32601,19972,0,0,0
1530,160.1,2.935,32707,20078,0,0,0
1531,160.2,2.874,32812,20183,0,0,0
1532,160.3,2.787,32905,20276,0,0,0
1533,160.4,2.737,32983,20354,0,0,0
1534,160.5,3.341,33055,20426,0,0,0
1535,160.6,2.819,33128,20499,0,0,0
1536,160.7,2.599,33207,20578,0,0,0
1537,160.8,2.713,33249,20620,0,0,0
1538,160.9,2.595,33285,20656,0,0,0
1539,161.0,2.612,33329,20700,0,0,0
1540,161.1,2.812,33374,20744,0,0,0
1541,161.2,2.705,33421,20792,0,0,0
1542,161.3,3.062,33466,20837,0,0,0
1543,161.4,2.621,33506,20877,0,0,0
1544,161.5,2.677,33540,20912,0,0,0
1545,161.6,2.686,33607,20978,0,0,0
1546,161.7,2.787,33658,21029,0,0,0
1547,161.8,2.733,33701,21072,0,0,0
1548,161.9,2.667,33757,21128,0,0,0
1549,162.0,2.605,33817,21188,0,0,0
1550,162.1,2.61,33886,21257,0,0,0
1551,162.2,2.677,33926,21297,0,0,0
1552,162.3,2.85,33966,21337,0,0,0
1553,162.4,2.87,34024,21395,0,0,0
1554,162.5,2.625,34076,21447,0,0,0
1555,162.6,2.829,34122,21493,0,0,0
1556,162.7,2.502,34183,21554,0,0,0
1557,162.8,2.533,34227,21598,0,0,0
1558,162.9,2.633,34286,21657,0,0,0
1559,163.0,2.685,34335,21706,0,0,0
1560,163.1,2.785,34390,21761,0,0,0
1561,163.2,2.529,34442,21813,0,0,0
1562,163.3,2.663,34501,21872,0,0,0
1563,163.4,3.764,34556,21927,1,0,0
1564,163.5,2.824,34614,21985,2,0,0
1565,163.6,2.496,34655,22026,0,0,0
1566,163.7,2.611,34709,22080,0,0,0
1567,163.8,2.696,34792,22163,1,0,0
1568,163.9,2.766,34850,22221,4,0,0
1569,164.0,2.712,34907,22278,3,0,0
1570,164.1,2.684,34967,22338,3,0,0
1571,164.2,2.909,35033,22403,4,0,0
1572,164.3,2.933,35097,22468,3,0,0
1573,164.4,2.697,35155,22526,5,0,0
1574,164.5,3.094,35211,22582,6,1,1
1575,164.6,3.01,35268,22639,6,1,1
1576,164.7,2.965,35337,22708,5,1,1
1577,164.8,2.63,35405,22776,6,0,0
1578,164.9,2.931,35468,22839,6,0,0
1579,165.0,2.876,35530,22901,8,3,1
1580,165.1,2.822,35601,22972,8,2,1
1581,165.2,2.793,35659,23030,5,0,0
1582,165.3,2.681,35692,23063,8,2,1
1583,165.4,2.857,35704,23075,11,3,2
1584,165.5,2.89,35723,23094,13,7,3
1585,165.6,2.837,35700,23071,10,2,2
1586,165.7,2.902,35685,23056,8,2,1
1587,165.8,3.152,35687,23058,8,2,1
1588,165.9,2.88,35696,23067,8,2,2
1589,166.0,2.74,35709,23080,13,7,3
1590,166.1,2.779,35707,23078,12,6,3
1591,166.2,2.731,35710,23081,8,2,2
1592,166.3,2.752,35702,23073,8,3,1
1593,166.4,2.767,35687,23058,10,2,2
1594,166.5,2.932,35696,23067,12,6,3
1595,166.6,2.919,35712,23083,13,7,3
1596,166.7,2.831,35708,23079,11,3,2
1597,166.8,2.78,35715,23086,10,2,2
1598,166.9,2.718,35724,23095,10,2,2
1599,167.0,2.693,35742,23113,10,3,2
1600,167.1,2.768,35742,23113,13,7,3
1601,167.2,2.745,35731,23102,11,3,2
1602,167.3,2.687,35730,23101,7,2,2
1603,167.4,3.209,35735,23106,10,2,2
1604,167.5,2.866,35730,23101,10,3,2
1605,167.6,3.045,35734,23105,12,6,3
1606,167.7,3.505,35732,23103,12,6,2
1607,167.8,2.712,35734,23105,13,7,3
1608,167.9,2.621,35740,23111,11,3,2
1609,168.0,2.892,35736,23107,7,2,2
1610,168.1,2.753,35740,23111,11,3,2
1611,168.2,2.734,35738,23110,19,11,4
1612,168.3,2.922,35742,23113,18,8,4
1613,168.4,2.677,35731,23102,15,6,2
1614,168.5,2.925,35713,23084,7,2,2
1615,168.6,2.627,35718,23090,9,4,2
1616,168.7,2.652,35733,23104,13,7,3
1617,168.8,2.658,35742,23113,18,10,5
1618,168.9,2.59,35739,23110,16,7,3
1619,169.0,2.78,35742,23113,10,2,2
1620,169.1,2.868,35749,23120,7,2,2
1621,169.2,2.688,35750,23121,11,3,2
1622,169.3,3.632,35751,23122,15,6,2
1623,169.4,3.29,35770,23141,15,6,3
1624,169.5,3.766,35770,23140,11,3,2
1625,169.6,3.889,35761,23132,8,2,2
1626,169.7,3.127,35752,23123,8,2,2
1627,169.8,2.997,35769,23140,13,7,3
1628,169.9,3.726,35768,23139,15,6,2
1629,170.0,3.119,35751,23122,13,7,3
1630,170.1,3.814,35739,23110,11,3,2
1631,170.2,3.713,35758,23129,10,2,2
1632,170.3,3.844,35764,23135,11,3,2
1633,170.4,4.162,35762,23133,13,7,3
1634,170.5,3.395,35763,23134,12,4,2
1635,170.6,3.353,35766,23137,7,2,2
1636,170.7,4.337,35773,23144,8,2,1
1637,170.8,3.136,35771,23142,10,2,2
1638,170.9,2.995,35768,23139,15,6,2
1639,171.0,2.684,35772,23143,16,7,2
1640,171.1,3.296,35773,23144,12,6,3
1641,171.2,3.361,35771,23142,7,2,2
1642,171.3,3.45,35774,23145,8,3,1
1643,171.4,2.802,35775,23146,11,3,2
1644,171.5,3.846,35774,23145,15,6,2
1645,171.6,3.433,35781,23152,14,6,2
1646,171.7,3.079,35797,23168,8,2,2
1647,171.8,3.398,35796,23168,8,2,1
1648,171.9,2.806,35779,23150,7,2,2
1649,172.0,3.015,35779,23150,12,6,2
1650,172.1,2.951,35787,23158,16,7,3
1651,172.2,2.814,35792,23163,13,7,3
1652,172.3,3.201,35819,23190,8,2,2
1653,172.4,2.84,35875,23246,10,2,2
1654,172.5,2.712,35951,23322,15,7,3
1655,172.6,3.247,36029,23400,15,8,4
1656,172.7,2.673,36105,23476,19,10,5
1657,172.8,3.787,36165,23536,16,8,3
1658,172.9,2.687,36227,23598,17,9,2
1659,173.0,2.813,36283,23654,20,11,5
1660,173.1,2.903,36354,23725,23,13,5
1661,173.2,2.773,36416,23787,27,17,6
1662,173.3,2.98,36489,23860,27,17,6
1663,173.4,2.866,36559,23930,24,14,5
1664,173.5,3.045,36611,23982,27,17,4
1665,173.6,2.804,36670,24041,31,20,6
1666,173.7,2.857,36756,24127,37,23,7
1667,173.8,2.862,36833,24204,38,24,7
1668,173.9,2.889,36901,24272,34,23,6
1669,174.0,2.851,36985,24355,30,19,6
1670,174.1,2.84,37066,24437,37,24,6
1671,174.2,3.131,37129,24500,39,24,7
1672,174.3,2.764,37207,24578,46,30,6
1673,174.4,2.796,37302,24673,41,26,7
1674,174.5,2.746,37392,24763,39,26,7
1675,174.6,2.805,37450,24821,39,25,6
1676,174.7,2.675,37527,24898,43,27,9
1677,174.8,3.497,37603,24974,51,32,8
1678,174.9,3.2,37685,25056,51,32,6
1679,175.0,3.271,37755,25126,50,32,7
1680,175.1,2.65,37831,25202,50,33,7
1681,175.2,2.743,37923,25294,53,33,8
1682,175.3,3.703,38013,25384,60,37,10
1683,175.4,2.86,38095,25466,63,41,11
1684,175.5,3.035,38188,25559,60,37,9
1685,175.6,3.044,38271,25642,59,37,8
1686,175.7,2.916,38359,25730,61,39,10
1687,175.8,2.904,38438,25809,63,40,10
1688,175.9,2.82,38540,25911,71,47,13
1689,176.0,2.801,38628,25999,72,47,12
1690,176.1,2.926,38718,26089,72,47,13
1691,176.2,3.12,38812,26183,63,40,11
1692,176.3,2.791,38896,26267,64,41,10
1693,176.4,2.925,38999,26370,81,53,13
1694,176.5,2.945,39092,26463,86,58,14
1695,176.6,2.746,39194,26565,86,56,13
1696,176.7,3.24,39301,26672,77,51,14
1697,176.8,3.743,39395,26766,78,51,13
1698,176.9,3.193,39481,26852,84,55,14
1699,177.0,3.279,39573,26944,94,64,16
1700,177.1,3.09,39678,27049,97,66,17
1701,177.2,3.149,39785,27156,93,60,15
1702,177.3,3.631,39896,27247,91,61,15
1703,177.4,3.487,40023,22676,94,62,16
1704,177.5,4.333,40151,18547,99,71,18
1705,177.6,3.315,40311,15880,103,73,18
1706,177.7,3.154,40499,13760,98,70,18
1707,177.8,2.996,40695,11926,99,67,17
1708,177.9,2.955,40931,10321,98,70,18
1709,178.0,3.344,41173,8834,109,77,21
1710,178.1,2.874,41467,7526,125,84,24
1711,178.2,3.007,41808,6313,117,81,25
1712,178.3,2.817,42159,5181,109,77,19
1713,178.4,3.317,42559,4120,115,78,24
1714,178.5,2.77,42989,3127,139,97,32
1715,178.6,2.651,43499,2242,157,107,36
1716,178.7,3.263,43935,1490,375,255,120
1717,178.8,2.772,44029,1331,392,282,121
1718,178.9,2.832,44033,1327,431,324,130
1719,179.0,2.964,44032,1323,489,384,131
1720,179.1,3.252,44042,1358,543,425,132
1721,179.2,2.79,44038,1326,561,438,130
1722,179.3,2.875,44038,1330,561,438,131
1723,179.4,2.857,44038,1326,561,438,130
1724,179.5,2.989,44038,1328,561,438,131
1725,179.6,2.907,44038,1325,561,438,131
1726,179.7,2.872,44038,1329,561,438,131
1727,179.8,2.9,44038,1330,561,438,131
1728,179.9,2.877,44038,1335,561,438,130
1729,180.0,2.929,44038,1330,561,438,131
1730,180.1,2.767,44038,1329,561,438,131
1731,180.2,2.996,44038,1322,561,438,130
1732,180.3,3.006,44038,1332,561,438,131
1733,180.4,2.936,44038,1334,561,438,130
1734,180.5,2.959,44038,1318,561,438,128
1735,180.6,3.18,44038,1325,561,438,132
1736,180.7,3.427,44038,1327,561,438,131
1737,180.8,2.849,44038,1332,561,438,131
1738,180.9,2.912,44038,1333,561,438,130
1739,181.0,2.649,44038,1328,561,438,132
1740,181.1,2.928,44038,1330,561,438,132
1741,181.2,2.786,44038,1326,561,438,131
1742,181.3,2.947,44038,1334,561,438,131
1743,181.4,2.967,44038,1325,561,438,131
1744,181.5,2.682,44038,1324,561,438,131
1745,181.6,2.775,44038,1332,561,438,132
1746,181.7,2.727,44038,1329,561,438,132
1747,181.8,3.066,44038,1324,561,438,132
1748,181.9,2.66,44038,1325,561,438,129
1749,182.0,3.02,44038,1325,561,438,132
1750,182.1,3.077,44038,1322,561,438,131
1751,182.2,2.987,44038,1326,561,438,131
1752,182.3,2.475,44038,1327,561,438,131
1753,182.4,2.889,44038,1330,561,438,131
1754,182.5,2.89,44038,1324,561,438,132
1755,182.6,2.688,44038,1331,561,438,131
1756,182.7,2.545,44038,1331,561,438,131
1757,182.8,2.879,44038,1324,561,438,132
1758,182.9,3.089,44038,1327,561,438,130
1759,183.0,3.242,44038,1327,561,438,131
1760,183.1,2.793,44038,1329,561,438,131
1761,183.2,2.799,44038,1326,561,438,132
1762,183.3,3.112,44038,1334,561,438,131
1763,183.4,2.577,44038,1332,561,438,131
1764,183.5,2.771,44038,1328,561,438,131
1765,183.6,2.848,44038,1332,561,438,131
1766,183.7,2.653,44038,1327,561,438,130
1767,183.8,2.724,44038,1318,561,438,131
1768,183.9,2.827,44038,1336,561,438,131
1769,184.0,2.832,44038,1329,561,438,131
1770,184.1,2.611,44038,1333,561,438,130
1771,184.2,2.757,44038,1330,561,438,131
1772,184.3,2.701,44038,1329,561,438,131
1773,184.4,2.655,44038,1328,561,438,131
1774,184.5,2.791,44038,1326,561,438,132
1775,184.6,2.711,44038,1329,561,438,132
1776,184.7,2.774,44038,1326,561,438,131
1777,184.8,2.705,44038,1321,561,438,131
1778,184.9,2.794,44038,1319,561,438,131
1779,185.0,2.606,44038,1332,561,438,131
1780,185.1,2.572,44038,1324,561,438,131
1781,185.2,2.591,44039,1330,562,438,130
1782,185.3,2.765,44039,1330,562,438,130
1783,185.4,3.021,44039,1324,562,438,131
1784,185.5,2.674,44039,1329,562,438,131
1785,185.6,3.768,44039,1333,562,438,129
1786,185.7,2.72,44039,1336,562,438,129
1787,185.8,2.549,44039,1328,562,438,130
1788,185.9,2.713,44039,1333,562,438,129
1789,186.0,2.836,44039,1332,562,438,131
1790,186.1,2.678,44039,1330,562,438,129
1791,186.2,2.716,44039,1337,562,438,130
1792,186.3,2.718,44039,1332,562,438,130
1793,186.4,2.753,44039,1334,562,438,130
1794,186.5,2.505,44039,1332,562,438,130
1795,186.6,2.632,44039,1329,562,438,130
1796,186.7,2.96,44039,1329,562,438,128
1797,186.8,2.664,44039,1326,562,438,130
1798,186.9,2.701,44039,1335,562,438,130
1799,187.0,3.279,44039,1330,562,438,130
1800,187.1,2.748,44039,1332,562,438,130
1801,187.2,2.903,44039,1330,562,438,131
1802,187.3,2.669,44039,1325,562,438,130
1803,187.4,2.656,44039,1323,562,438,130
1804,187.5,2.758,44039,1327,562,438,130
1805,187.6,2.709,44039,1332,562,438,130
1806,187.7,2.741,44039,1326,562,438,130
1807,187.8,2.588,44039,1338,562,438,130
1808,187.9,2.776,44039,1328,562,438,130
1809,188.0,2.794,44039,1333,562,438,130
1810,188.1,2.641,44039,1332,562,438,130
1811,188.2,2.592,44039,1326,562,438,130
1812,188.3,2.736,44039,1321,562,438,130
1813,188.4,3.239,44039,1322,562,438,130
1814,188.5,2.567,44039,1327,562,438,128
1815,188.6,2.857,44039,1326,562,438,129
1816,188.7,3.071,44039,1323,562,438,130
1817,188.8,3.097,44039,1338,562,438,129
1818,188.9,3.641,44039,1332,562,438,130
1819,189.0,2.893,44039,1330,562,438,128
1820,189.1,2.784,44039,1334,562,438,130
1821,189.2,2.861,44039,1330,562,438,129
1822,189.3,3.064,44039,1330,562,438,130
1823,189.4,2.674,44039,1342,562,438,130
1824,189.5,3.525,44039,1333,562,438,131
1825,189.6,2.937,44039,1328,562,438,130
1826,189.7,3.1,44039,1327,562,438,129
1827,189.8,3.103,44039,1323,562,438,131
1828,189.9,3.106,44039,1326,562,438,130
1829,190.0,3.088,44039,1330,562,438,129
1830,190.1,3.049,44039,1333,562,438,132
1831,190.2,2.92,44039,1328,562,438,130
1832,190.3,3.097,44039,1326,562,438,130
1833,190.4,3.072,44039,1326,562,438,129
1834,190.5,2.988,44039,1327,562,438,130
1835,190.6,3.0,44039,1330,562,438,130
1836,190.7,2.777,44039,1335,562,438,130
1837,190.8,2.868,44039,1327,562,438,130
1838,190.9,3.253,44039,1329,562,438,131
1839,191.0,2.875,44039,1335,562,438,130
1840,191.1,2.976,44039,1333,562,438,129
1841,191.2,3.068,44039,1333,562,438,130
1842,191.3,3.527,44039,1329,562,438,129
1843,191.4,3.02,44039,1330,562,438,130
1844,191.5,3.108,44039,1322,562,438,130
1845,191.6,2.985,44039,1332,562,438,130
1846,191.7,3.084,44039,1331,562,438,130
1847,191.8,3.06,44039,1333,562,438,130
1848,191.9,3.376,44039,1331,562,438,131
1849,192.0,3.248,44039,1330,562,438,130
1850,192.1,2.932,44039,1333,562,438,130
1851,192.2,2.875,44039,1330,562,438,130
1852,192.3,2.998,44039,1331,562,438,130
1853,192.4,2.834,44039,1328,562,438,130
1854,192.5,2.775,44039,1326,562,438,130
1855,192.6,3.393,44039,1334,562,438,130
1856,192.7,2.838,44039,1324,562,438,130
1857,192.8,3.071,44039,1329,562,438,130
1858,192.9,3.054,44039,1331,562,438,129
1859,193.0,3.009,44039,1325,562,438,130
1860,193.1,2.752,44039,1322,562,438,130
1861,193.2,2.66,44039,1331,562,438,129
1862,193.3,2.855,44039,1326,562,438,131
1863,193.4,3.052,44039,1329,562,438,130
1864,193.5,2.924,44039,1332,562,438,130
1865,193.6,3.004,44039,1332,562,438,131
1866,193.7,2.936,44039,1334,562,438,130
1867,193.8,3.005,44039,1328,562,438,130
1868,193.9,2.939,44039,1327,562,438,129
1869,194.0,3.079,44039,1329,562,438,128
1870,194.1,2.812,44039,1335,562,438,129
1871,194.2,2.89,44039,1325,562,438,129
1872,194.3,2.819,44039,1326,562,438,130
1873,194.4,2.897,44039,1320,562,438,129
1874,194.5,2.7,44039,1330,562,438,129
1875,194.6,2.817,44039,1330,562,438,129
1876,194.7,3.038,44039,1328,562,438,129
1877,194.8,2.826,44040,1329,562,438,129
1878,194.9,3.174,44040,1332,562,438,128
1879,195.0,3.504,44040,1329,562,438,130
1880,195.1,3.06,44040,1324,562,438,129
1881,195.2,3.121,44040,1333,562,438,128
1882,195.3,2.845,44040,1329,562,438,128
1883,195.4,2.879,44040,1324,562,438,130
1884,195.5,3.072,44040,1337,562,438,129
1885,195.6,2.935,44040,1335,562,438,128
1886,195.7,2.794,44038,1326,561,438,128
1887,195.8,2.683,44038,1327,561,438,128
1888,195.9,3.108,44038,1326,561,438,129
1889,196.0,3.021,44038,1332,561,438,129
1890,196.1,2.758,44038,1321,561,438,127
1891,196.2,2.83,44038,1325,561,438,128
1892,196.3,3.035,44038,1328,561,438,127
1893,196.4,2.715,44038,1329,561,438,128
1894,196.5,2.909,44038,1330,561,438,128
1895,196.6,2.715,44038,1337,561,438,128
1896,196.7,3.336,44038,1323,561,438,128
1897,196.8,3.138,44038,1324,561,438,128
1898,196.9,2.71,44038,1333,561,438,128
1899,197.0,2.801,44038,1319,561,438,129
1900,197.1,2.695,44038,1336,561,438,129
1901,197.2,3.061,44038,1330,561,438,128
1902,197.3,2.785,44038,1336,561,438,128
1903,197.4,2.793,44038,1323,561,438,128
1904,197.5,2.93,44038,1331,561,438,127
1905,197.6,2.856,44038,1327,561,438,127
1906,197.7,2.664,44038,1333,561,438,126
1907,197.8,2.878,44038,1332,561,438,129
1908,197.9,2.886,44038,1325,561,438,129
1909,198.0,2.912,44038,1331,561,438,128
1910,198.1,2.875,44038,1323,561,438,129
1911,198.2,2.941,44038,1323,561,438,128
1912,198.3,2.883,44038,1327,561,438,127
1913,198.4,2.834,44038,1331,561,438,128
1914,198.5,2.85,44038,1333,561,438,129
1915,198.6,2.829,44038,1324,561,438,127
1916,198.7,2.874,44038,1327,561,438,129
1917,198.8,2.772,44038,1323,561,438,129
1918,198.9,3.205,44037,1330,561,438,128
1919,199.0,2.788,44037,1328,561,438,128
1920,199.1,2.603,44037,1325,561,438,129
1921,199.2,2.896,44038,1320,561,438,128
1922,199.3,3.334,44038,1336,561,438,128
1923,199.4,2.833,44038,1324,561,438,129
1924,199.5,2.898,44038,1328,561,438,128
1925,199.6,2.888,44038,1334,561,438,128
1926,199.7,2.769,44038,1333,561,438,129
1927,199.8,2.718,44038,1322,561,438,129
1928,199.9,2.641,44038,1332,561,438,128
1929,200.0,2.882,44038,1332,561,438,128
1930,200.1,3.016,44037,1320,560,438,128
1931,200.2,2.707,44037,1327,560,438,128
1932,200.3,3.024,44037,1322,560,438,128
1933,200.4,2.717,44037,1324,560,438,128
1934,200.5,2.87,44037,1325,560,438,129
1935,200.6,2.712,44037,1327,560,438,128
1936,200.7,2.921,44037,1327,560,438,127
1937,200.8,2.635,44037,1322,560,438,128
1938,200.9,2.639,44037,1328,560,438,129
1939,201.0,2.784,44037,1322,560,438,129
1940,201.1,2.794,44037,1320,560,438,128
1941,201.2,2.748,44037,1326,560,438,127
1942,201.3,2.783,44037,1326,560,438,127
1943,201.4,2.971,44037,1325,560,438,129
1944,201.5,2.946,44037,1326,560,438,128
1945,201.6,3.594,44037,1327,560,438,129
1946,201.7,2.794,44037,1323,560,439,127
